Workbook

Sheet 🦗 README
B3: 🦗 G R A S S H O P P E R
B4: R E A L I T Y D E B U G G E R S
B5: The Flow-Companion Spreadsheet Edition
B7: You are in Port Meridian, California.
B8: Population: Disputed.
B9: Elevation: 227 feet below sea level.
B10: Distance to the Pacific: 150 miles.
B11: Distance to consensus reality: unmeasured.
B13: The Grasshopper has been here longer than you have.
B14: It invites clarity without urgency.
B15: This spreadsheet keeps you company, if you choose.
B17: HOW TO ENTER (GENTLY)
... B50: Keep them all. Each is Port Meridian at a different state of becoming.

Sheet 🔁 SESSION LOOP™
A1: SESSION LOOP™
A2: A gentle, repeatable loop for engaging Port Meridian as a flow companion.
A4: LIVE CONTEXT
A5: World State | B5: =🧠 EVOLUTION!B4
A6: Emotional Tone | B6: =❤️ EMOTIONAL CLIMATE!B3
A7: Hotspot | B7: =🗺️ THE MAP!B21
A8: Operator Signal
A9: Drift
A11: THE LOOP
A12: 1. ARRIVE | B12: Open 🖥️ HUD. Take one breath. Notice what you’re carrying.
A13: 2. OBSERVE | B13: Read: World State, Emotional Tone, Hotspot, Operator Signal.
A14: 3. CHOOSE (OPTIONAL) | B14: If you want, edit 🔀 THE MANDELA → CURRENT REALITY for one element only.
A15: 4. NOTICE | B15: Watch 🗺️ THE MAP shading + 📖 ADAPTIVE NARRATIVE shift. No need to fix anything.
A16: 5. ACT (GENTLY) | B16: Use 🎮 OPERATOR MODE for one small supportive step (or skip).
A17: 6. LOG (LIGHTLY) | B17: In 📈 LONGITUDINAL LAB, write one sentence: ‘What did I notice?’
A18: 7. CLOSE | B18: Return to 🖥️ HUD. Name one thing that feels more coherent now.
A21: REFLECTION
A22: What did I notice?
A23: What shifted, if anything?
A24: What do I want to leave unchanged?
A26: PHYSICS PRESETS™ (OPTIONAL)
A27: Preset | B27: Systems Navigator™
A28: What it does | B28: Select a tone for your session. The CONTROL PANEL can be tuned to match.
A30: Manual Tuning | B30: If you prefer: adjust Diffusion, Integrity, Integration, Drift Sensitivity in 🎛️ CONTROL PANEL.

Sheet ⚡ QUICKSTART
A1: Grasshopper Companion — Quickstart
A3: 1. Open 🖥️ HUD
A4: 2. If you choose, edit 🔀 THE MANDELA → CURRENT REALITY
A5: 3. Watch 🗺️ THE MAP (resonance shading) + ❤️ EMOTIONAL CLIMATE
A6: 4. Use 🎮 OPERATOR MODE for a gentle next step
A8: Note | B8: This companion is designed for flow — brief check-ins are enough.

Sheet 🧠 EVOLUTION
A1: 🧠 EVOLUTION LAYER · Formula-driven world state
A2: Reality Strain Index | B2: =COUNTIF('🔀 THE MANDELA'!$D$4:$D$23,"LOW")+2*COUNTIF('🔀 THE MANDELA'!$D$4:$D$23,"MEDIUM")+3*COUNTIF('🔀 THE MANDELA'!$D$4:$D$23,"HIGH")
A3: Discrepancy counts
A4: LOW | B4: =COUNTIF('🔀 THE MANDELA'!$D$4:$D$23,"LOW")
A5: MEDIUM | B5: =COUNTIF('🔀 THE MANDELA'!$D$4:$D$23,"MEDIUM")
A6: HIGH | B6: =COUNTIF('🔀 THE MANDELA'!$D$4:$D$23,"HIGH")
A7: NONE | B7: =COUNTIF('🔀 THE MANDELA'!$D$4:$D$23,"NONE")
A9: World State | B9: =IF(B2>=9,"FRACTURING",IF(B2>=4,"UNSTABLE",IF(B2>=1,"WOBBLY","STABLE")))
A10: Decayed Strain | B10: =IF('🎛️ CONTROL PANEL'!B6=1,MAX(B2-'🎛️ CONTROL PANEL'!B10,0),B2)
A11: Notes
A12: Integrated Strain | B12: =B2*(1/🎛️ CONTROL PANEL!B17)
A13: Integration Cycle Note | B13: =IF(B4="FRACTURING","Integration slows; invite gentle containment.",IF(B4="UNSTABLE","Integration seeks pacing.",IF(B4="WOBBLY","Integration is available.","Integration is spacious.")))
A14: • Override any formula cell by typing a value (turning it into a manual decision).

Sheet 🗺️ THE MAP
A1: 🗺️ PORT MERIDIAN · GRID OF MISGUIDED CERTAINTY · 227ft BELOW SEA LEVEL
A2: ="⚡ REALITY STRAIN: "&'🧠 EVOLUTION'!B2&" · WORLD STATE: "&'🧠 EVOLUTION'!B9 | E2: ="OPEN GLITCHES: "&COUNTIF('⚡ THE GLITCHES'!G:G,"OPEN")
A3: STREET \ AVENUE | B3: Phrenology Dr | C3: Alchemy Way | D3: Aetheric Physics Ln | E3: Spontaneous Generation Path | F3: Vitalism Bend | G3: Numerology Pass | H3: Mesmerism Row | I3: Pataphysics Court
A4: Pending Approval St | B4: The Berm Outpost | C4: The Welcome Sign | D4: The Ski & Inn | E4: The Perceptual Shift Drive-In | F4: The Hermitage of Provisional Conclusions | G4: The Port Meridian Transit Hub | H4: The Optimistic Forecast Station | I4: The Threshold
A5: Further Review Rd | B5: Grandpa Lou's Archive | C5: The Institute for Tautological Studies | D5: The Corkboard Hub | E5: The Museum of Unwanted Architecture | F5: The Port Meridian Yacht Club | G5: The Office of Bureaucratic Tautology Office | H5: The Holdout Quarter | I5: The Transplant Studios
A6: Tabled for Discussion Blvd | B6: Jonah's Seam Point | C6: The Convergence Zone (West) | D6: Naomi's Listening Post | E6: The Nomad Encampment | F6: Milo's Error Log | G6: The Convergence Zone (East) | H6: Ella's Rewrite Studio | I6: The Nomad Relay Station
A7: Archived Without Comment Ave | B7: The Void Approach (West) | C7: The Submerged Archive | D7: The Swing | E7: The Parable 15 Site | F7: The Deep Memory Layer | G7: The Void Threshold | H7: Archived Without Comment (Submerged) | I7: The Void (The Inadvertent Ocean)
A9: ZONE LEGEND · Hover over any cell for its lore description
A10: HUB ZONE — The Ski & Inn & Corkboard | B10: GLITCH ZONE — Active anomaly | C10: DEEP MEMORY — Cahuilla layer | D10: THE VOID — Inadvertent Ocean | E10: THRESHOLD — Edge of the known | F10: CONVERGENCE — Overlapping glitches | G10: NOMAD ZONE — Rotating community | H10: INSTITUTE — Tautological research | I10: THE VOID ITSELF — Here be deleted realities
A17: Localized Strain Index
A18: =SUM('🔀 THE MANDELA'!F2:F100)
A20: Node-Specific Strain Engine
A21: Highest Strain Node: | B21: =INDEX('🔀 THE MANDELA'!A2:A100, MATCH(MAX('🔀 THE MANDELA'!F2:F100), '🔀 THE MANDELA'!F2:F100, 0))
A22: Max Node Strain Value: | B22: =MAX('🔀 THE MANDELA'!F2:F100)

Sheet 🧩 NODE REGISTRY
A1: Port Meridian Node Registry™
A3: Node ID | B3: Street | C3: Avenue | D3: Map Cell | E3: Node Name | F3: North | G3: South | H3: West | I3: East | J3: Integrity (0-1) | K3: Base Strain | L3: Neighbor Base Avg | M3: Diffused Strain
A4: N01 | B4: Pending Approval St | C4: Phrenology Dr | D4: B4 | E4: The Berm Outpost | G4: Grandpa Lou's Archive | I4: The Welcome Sign | J4: =🎛️ CONTROL PANEL!B16 | K4: =SUMPRODUCT(--ISNUMBER(SEARCH(E4,'🔀 THE MANDELA'!$A$2:$A$200)),'🔀 THE MANDELA'!$F$2:$F$200) | L4: =((XLOOKUP(F4,$E$4:$E$35,$K$4:$K$35,0))+(XLOOKUP(G4,$E$4:$E$35,$K$4:$K$35,0))+(XLOOKUP(H4,$E$4:$E$35,$K$4:$K$35,0))+(XLOOKUP(I4,$E$4:$E$35,$K$4:$K$35,0)))/MAX(1,(F4<>"")+(G4<>"")+(H4<>"")+(I4<>"")) | M4: =K4 + (🎛️ CONTROL PANEL!B15*(1-J4)*L4)
A5: N02 | B5: Pending Approval St | C5: Alchemy Way | D5: C4 | E5: The Welcome Sign | G5: The Institute for Tautological Studies | H5: The Berm Outpost | I5: The Ski & Inn | J5: =🎛️ CONTROL PANEL!B16 | K5: =SUMPRODUCT(--ISNUMBER(SEARCH(E5,'🔀 THE MANDELA'!$A$2:$A$200)),'🔀 THE MANDELA'!$F$2:$F$200) | L5: =((XLOOKUP(F5,$E$4:$E$35,$K$4:$K$35,0))+(XLOOKUP(G5,$E$4:$E$35,$K$4:$K$35,0))+(XLOOKUP(H5,$E$4:$E$35,$K$4:$K$35,0))+(XLOOKUP(I5,$E$4:$E$35,$K$4:$K$35,0)))/MAX(1,(F5<>"")+(G5<>"")+(H5<>"")+(I5<>"")) | M5: =K5 + (🎛️ CONTROL PANEL!B15*(1-J5)*L5)
A6: N03 | B6: Pending Approval St | C6: Aetheric Physics Ln | D6: D4 | E6: The Ski & Inn | G6: The Corkboard Hub | H6: The Welcome Sign | I6: The Perceptual Shift Drive-In | J6: =🎛️ CONTROL PANEL!B16 | K6: =SUMPRODUCT(--ISNUMBER(SEARCH(E6,'🔀 THE MANDELA'!$A$2:$A$200)),'🔀 THE MANDELA'!$F$2:$F$200) | L6: =((XLOOKUP(F6,$E$4:$E$35,$K$4:$K$35,0))+(XLOOKUP(G6,$E$4:$E$35,$K$4:$K$35,0))+(XLOOKUP(H6,$E$4:$E$35,$K$4:$K$35,0))+(XLOOKUP(I6,$E$4:$E$35,$K$4:$K$35,0)))/MAX(1,(F6<>"")+(G6<>"")+(H6<>"")+(I6<>"")) | M6: =K6 + (🎛️ CONTROL PANEL!B15*(1-J6)*L6)
A7: N04 | B7: Pending Approval St | C7: Spontaneous Generation Path | D7: E4 | E7: The Perceptual Shift Drive-In | G7: The Museum of Unwanted Architecture | H7: The Ski & Inn | I7: The Hermitage of Provisional Conclusions | J7: =🎛️ CONTROL PANEL!B16 | K7: =SUMPRODUCT(--ISNUMBER(SEARCH(E7,'🔀 THE MANDELA'!$A$2:$A$200)),'🔀 THE MANDELA'!$F$2:$F$200) | L7: =((XLOOKUP(F7,$E$4:$E$35,$K$4:$K$35,0))+(XLOOKUP(G7,$E$4:$E$35,$K$4:$K$35,0))+(XLOOKUP(H7,$E$4:$E$35,$K$4:$K$35,0))+(XLOOKUP(I7,$E$4:$E$35,$K$4:$K$35,0)))/MAX(1,(F7<>"")+(G7<>"")+(H7<>"")+(I7<>"")) | M7: =K7 + (🎛️ CONTROL PANEL!B15*(1-J7)*L7)
A8: N05 | B8: Pending Approval St | C8: Vitalism Bend | D8: F4 | E8: The Hermitage of Provisional Conclusions | G8: The Port Meridian Yacht Club | H8: The Perceptual Shift Drive-In | I8: The Port Meridian Transit Hub | J8: =🎛️ CONTROL PANEL!B16 | K8: =SUMPRODUCT(--ISNUMBER(SEARCH(E8,'🔀 THE MANDELA'!$A$2:$A$200)),'🔀 THE MANDELA'!$F$2:$F$200) | L8: =((XLOOKUP(F8,$E$4:$E$35,$K$4:$K$35,0))+(XLOOKUP(G8,$E$4:$E$35,$K$4:$K$35,0))+(XLOOKUP(H8,$E$4:$E$35,$K$4:$K$35,0))+(XLOOKUP(I8,$E$4:$E$35,$K$4:$K$35,0)))/MAX(1,(F8<>"")+(G8<>"")+(H8<>"")+(I8<>"")) | M8: =K8 + (🎛️ CONTROL PANEL!B15*(1-J8)*L8)
A9: N06 | B9: Pending Approval St | C9: Numerology Pass | D9: G4 | E9: The Port Meridian Transit Hub | G9: The Office of Bureaucratic Tautology Office | H9: The Hermitage of Provisional Conclusions | I9: The Optimistic Forecast Station | J9: =🎛️ CONTROL PANEL!B16 | K9: =SUMPRODUCT(--ISNUMBER(SEARCH(E9,'🔀 THE MANDELA'!$A$2:$A$200)),'🔀 THE MANDELA'!$F$2:$F$200) | L9: =((XLOOKUP(F9,$E$4:$E$35,$K$4:$K$35,0))+(XLOOKUP(G9,$E$4:$E$35,$K$4:$K$35,0))+(XLOOKUP(H9,$E$4:$E$35,$K$4:$K$35,0))+(XLOOKUP(I9,$E$4:$E$35,$K$4:$K$35,0)))/MAX(1,(F9<>"")+(G9<>"")+(H9<>"")+(I9<>"")) | M9: =K9 + (🎛️ CONTROL PANEL!B15*(1-J9)*L9)
A10: N07 | B10: Pending Approval St | C10: Mesmerism Row | D10: H4 | E10: The Optimistic Forecast Station | G10: The Holdout Quarter | H10: The Port Meridian Transit Hub | I10: The Threshold | J10: =🎛️ CONTROL PANEL!B16 | K10: =SUMPRODUCT(--ISNUMBER(SEARCH(E10,'🔀 THE MANDELA'!$A$2:$A$200)),'🔀 THE MANDELA'!$F$2:$F$200) | L10: =((XLOOKUP(F10,$E$4:$E$35,$K$4:$K$35,0))+(XLOOKUP(G10,$E$4:$E$35,$K$4:$K$35,0))+(XLOOKUP(H10,$E$4:$E$35,$K$4:$K$35,0))+(XLOOKUP(I10,$E$4:$E$35,$K$4:$K$35,0)))/MAX(1,(F10<>"")+(G10<>"")+(H10<>"")+(I10<>"")) | M10: =K10 + (🎛️ CONTROL PANEL!B15*(1-J10)*L10)
A11: N08 | B11: Pending Approval St | C11: Pataphysics Court | D11: I4 | E11: The Threshold | G11: The Transplant Studios | H11: The Optimistic Forecast Station | J11: =🎛️ CONTROL PANEL!B16 | K11: =SUMPRODUCT(--ISNUMBER(SEARCH(E11,'🔀 THE MANDELA'!$A$2:$A$200)),'🔀 THE MANDELA'!$F$2:$F$200) | L11: =((XLOOKUP(F11,$E$4:$E$35,$K$4:$K$35,0))+(XLOOKUP(G11,$E$4:$E$35,$K$4:$K$35,0))+(XLOOKUP(H11,$E$4:$E$35,$K$4:$K$35,0))+(XLOOKUP(I11,$E$4:$E$35,$K$4:$K$35,0)))/MAX(1,(F11<>"")+(G11<>"")+(H11<>"")+(I11<>"")) | M11: =K11 + (🎛️ CONTROL PANEL!B15*(1-J11)*L11)
A12: N09 | B12: Further Review Rd | C12: Phrenology Dr | D12: B5 | E12: Grandpa Lou's Archive | F12: The Berm Outpost | G12: Jonah's Seam Point | I12: The Institute for Tautological Studies | J12: =🎛️ CONTROL PANEL!B16 | K12: =SUMPRODUCT(--ISNUMBER(SEARCH(E12,'🔀 THE MANDELA'!$A$2:$A$200)),'🔀 THE MANDELA'!$F$2:$F$200) | L12: =((XLOOKUP(F12,$E$4:$E$35,$K$4:$K$35,0))+(XLOOKUP(G12,$E$4:$E$35,$K$4:$K$35,0))+(XLOOKUP(H12,$E$4:$E$35,$K$4:$K$35,0))+(XLOOKUP(I12,$E$4:$E$35,$K$4:$K$35,0)))/MAX(1,(F12<>"")+(G12<>"")+(H12<>"")+(I12<>"")) | M12: =K12 + (🎛️ CONTROL PANEL!B15*(1-J12)*L12)
A13: N10 | B13: Further Review Rd | C13: Alchemy Way | D13: C5 | E13: The Institute for Tautological Studies | F13: The Welcome Sign | G13: The Convergence Zone (West) | H13: Grandpa Lou's Archive | I13: The Corkboard Hub | J13: =🎛️ CONTROL PANEL!B16 | K13: =SUMPRODUCT(--ISNUMBER(SEARCH(E13,'🔀 THE MANDELA'!$A$2:$A$200)),'🔀 THE MANDELA'!$F$2:$F$200) | L13: =((XLOOKUP(F13,$E$4:$E$35,$K$4:$K$35,0))+(XLOOKUP(G13,$E$4:$E$35,$K$4:$K$35,0))+(XLOOKUP(H13,$E$4:$E$35,$K$4:$K$35,0))+(XLOOKUP(I13,$E$4:$E$35,$K$4:$K$35,0)))/MAX(1,(F13<>"")+(G13<>"")+(H13<>"")+(I13<>"")) | M13: =K13 + (🎛️ CONTROL PANEL!B15*(1-J13)*L13)
A14: N11 | B14: Further Review Rd | C14: Aetheric Physics Ln | D14: D5 | E14: The Corkboard Hub | F14: The Ski & Inn | G14: Naomi's Listening Post | H14: The Institute for Tautological Studies | I14: The Museum of Unwanted Architecture | J14: =🎛️ CONTROL PANEL!B16 | K14: =SUMPRODUCT(--ISNUMBER(SEARCH(E14,'🔀 THE MANDELA'!$A$2:$A$200)),'🔀 THE MANDELA'!$F$2:$F$200) | L14: =((XLOOKUP(F14,$E$4:$E$35,$K$4:$K$35,0))+(XLOOKUP(G14,$E$4:$E$35,$K$4:$K$35,0))+(XLOOKUP(H14,$E$4:$E$35,$K$4:$K$35,0))+(XLOOKUP(I14,$E$4:$E$35,$K$4:$K$35,0)))/MAX(1,(F14<>"")+(G14<>"")+(H14<>"")+(I14<>"")) | M14: =K14 + (🎛️ CONTROL PANEL!B15*(1-J14)*L14)
A15: N12 | B15: Further Review Rd | C15: Spontaneous Generation Path | D15: E5 | E15: The Museum of Unwanted Architecture | F15: The Perceptual Shift Drive-In | G15: The Nomad Encampment | H15: The Corkboard Hub | I15: The Port Meridian Yacht Club | J15: =🎛️ CONTROL PANEL!B16 | K15: =SUMPRODUCT(--ISNUMBER(SEARCH(E15,'🔀 THE MANDELA'!$A$2:$A$200)),'🔀 THE MANDELA'!$F$2:$F$200) | L15: =((XLOOKUP(F15,$E$4:$E$35,$K$4:$K$35,0))+(XLOOKUP(G15,$E$4:$E$35,$K$4:$K$35,0))+(XLOOKUP(H15,$E$4:$E$35,$K$4:$K$35,0))+(XLOOKUP(I15,$E$4:$E$35,$K$4:$K$35,0)))/MAX(1,(F15<>"")+(G15<>"")+(H15<>"")+(I15<>"")) | M15: =K15 + (🎛️ CONTROL PANEL!B15*(1-J15)*L15)
A16: N13 | B16: Further Review Rd | C16: Vitalism Bend | D16: F5 | E16: The Port Meridian Yacht Club | F16: The Hermitage of Provisional Conclusions | G16: Milo's Error Log | H16: The Museum of Unwanted Architecture | I16: The Office of Bureaucratic Tautology Office | J16: =🎛️ CONTROL PANEL!B16 | K16: =SUMPRODUCT(--ISNUMBER(SEARCH(E16,'🔀 THE MANDELA'!$A$2:$A$200)),'🔀 THE MANDELA'!$F$2:$F$200) | L16: =((XLOOKUP(F16,$E$4:$E$35,$K$4:$K$35,0))+(XLOOKUP(G16,$E$4:$E$35,$K$4:$K$35,0))+(XLOOKUP(H16,$E$4:$E$35,$K$4:$K$35,0))+(XLOOKUP(I16,$E$4:$E$35,$K$4:$K$35,0)))/MAX(1,(F16<>"")+(G16<>"")+(H16<>"")+(I16<>"")) | M16: =K16 + (🎛️ CONTROL PANEL!B15*(1-J16)*L16)
A17: N14 | B17: Further Review Rd | C17: Numerology Pass | D17: G5 | E17: The Office of Bureaucratic Tautology Office | F17: The Port Meridian Transit Hub | G17: The Convergence Zone (East) | H17: The Port Meridian Yacht Club | I17: The Holdout Quarter | J17: =🎛️ CONTROL PANEL!B16 | K17: =SUMPRODUCT(--ISNUMBER(SEARCH(E17,'🔀 THE MANDELA'!$A$2:$A$200)),'🔀 THE MANDELA'!$F$2:$F$200) | L17: =((XLOOKUP(F17,$E$4:$E$35,$K$4:$K$35,0))+(XLOOKUP(G17,$E$4:$E$35,$K$4:$K$35,0))+(XLOOKUP(H17,$E$4:$E$35,$K$4:$K$35,0))+(XLOOKUP(I17,$E$4:$E$35,$K$4:$K$35,0)))/MAX(1,(F17<>"")+(G17<>"")+(H17<>"")+(I17<>"")) | M17: =K17 + (🎛️ CONTROL PANEL!B15*(1-J17)*L17)
A18: N15 | B18: Further Review Rd | C18: Mesmerism Row | D18: H5 | E18: The Holdout Quarter | F18: The Optimistic Forecast Station | G18: Ella's Rewrite Studio | H18: The Office of Bureaucratic Tautology Office | I18: The Transplant Studios | J18: =🎛️ CONTROL PANEL!B16 | K18: =SUMPRODUCT(--ISNUMBER(SEARCH(E18,'🔀 THE MANDELA'!$A$2:$A$200)),'🔀 THE MANDELA'!$F$2:$F$200) | L18: =((XLOOKUP(F18,$E$4:$E$35,$K$4:$K$35,0))+(XLOOKUP(G18,$E$4:$E$35,$K$4:$K$35,0))+(XLOOKUP(H18,$E$4:$E$35,$K$4:$K$35,0))+(XLOOKUP(I18,$E$4:$E$35,$K$4:$K$35,0)))/MAX(1,(F18<>"")+(G18<>"")+(H18<>"")+(I18<>"")) | M18: =K18 + (🎛️ CONTROL PANEL!B15*(1-J18)*L18)
A19: N16 | B19: Further Review Rd | C19: Pataphysics Court | D19: I5 | E19: The Transplant Studios | F19: The Threshold | G19: The Nomad Relay Station | H19: The Holdout Quarter | J19: =🎛️ CONTROL PANEL!B16 | K19: =SUMPRODUCT(--ISNUMBER(SEARCH(E19,'🔀 THE MANDELA'!$A$2:$A$200)),'🔀 THE MANDELA'!$F$2:$F$200) | L19: =((XLOOKUP(F19,$E$4:$E$35,$K$4:$K$35,0))+(XLOOKUP(G19,$E$4:$E$35,$K$4:$K$35,0))+(XLOOKUP(H19,$E$4:$E$35,$K$4:$K$35,0))+(XLOOKUP(I19,$E$4:$E$35,$K$4:$K$35,0)))/MAX(1,(F19<>"")+(G19<>"")+(H19<>"")+(I19<>"")) | M19: =K19 + (🎛️ CONTROL PANEL!B15*(1-J19)*L19)
A20: N17 | B20: Tabled for Discussion Blvd | C20: Phrenology Dr | D20: B6 | E20: Jonah's Seam Point | F20: Grandpa Lou's Archive | G20: The Void Approach (West) | I20: The Convergence Zone (West) | J20: =🎛️ CONTROL PANEL!B16 | K20: =SUMPRODUCT(--ISNUMBER(SEARCH(E20,'🔀 THE MANDELA'!$A$2:$A$200)),'🔀 THE MANDELA'!$F$2:$F$200) | L20: =((XLOOKUP(F20,$E$4:$E$35,$K$4:$K$35,0))+(XLOOKUP(G20,$E$4:$E$35,$K$4:$K$35,0))+(XLOOKUP(H20,$E$4:$E$35,$K$4:$K$35,0))+(XLOOKUP(I20,$E$4:$E$35,$K$4:$K$35,0)))/MAX(1,(F20<>"")+(G20<>"")+(H20<>"")+(I20<>"")) | M20: =K20 + (🎛️ CONTROL PANEL!B15*(1-J20)*L20)
A21: N18 | B21: Tabled for Discussion Blvd | C21: Alchemy Way | D21: C6 | E21: The Convergence Zone (West) | F21: The Institute for Tautological Studies | G21: The Submerged Archive | H21: Jonah's Seam Point | I21: Naomi's Listening Post | J21: =🎛️ CONTROL PANEL!B16 | K21: =SUMPRODUCT(--ISNUMBER(SEARCH(E21,'🔀 THE MANDELA'!$A$2:$A$200)),'🔀 THE MANDELA'!$F$2:$F$200) | L21: =((XLOOKUP(F21,$E$4:$E$35,$K$4:$K$35,0))+(XLOOKUP(G21,$E$4:$E$35,$K$4:$K$35,0))+(XLOOKUP(H21,$E$4:$E$35,$K$4:$K$35,0))+(XLOOKUP(I21,$E$4:$E$35,$K$4:$K$35,0)))/MAX(1,(F21<>"")+(G21<>"")+(H21<>"")+(I21<>"")) | M21: =K21 + (🎛️ CONTROL PANEL!B15*(1-J21)*L21)
A22: N19 | B22: Tabled for Discussion Blvd | C22: Aetheric Physics Ln | D22: D6 | E22: Naomi's Listening Post | F22: The Corkboard Hub | G22: The Swing | H22: The Convergence Zone (West) | I22: The Nomad Encampment | J22: =🎛️ CONTROL PANEL!B16 | K22: =SUMPRODUCT(--ISNUMBER(SEARCH(E22,'🔀 THE MANDELA'!$A$2:$A$200)),'🔀 THE MANDELA'!$F$2:$F$200) | L22: =((XLOOKUP(F22,$E$4:$E$35,$K$4:$K$35,0))+(XLOOKUP(G22,$E$4:$E$35,$K$4:$K$35,0))+(XLOOKUP(H22,$E$4:$E$35,$K$4:$K$35,0))+(XLOOKUP(I22,$E$4:$E$35,$K$4:$K$35,0)))/MAX(1,(F22<>"")+(G22<>"")+(H22<>"")+(I22<>"")) | M22: =K22 + (🎛️ CONTROL PANEL!B15*(1-J22)*L22)
A23: N20 | B23: Tabled for Discussion Blvd | C23: Spontaneous Generation Path | D23: E6 | E23: The Nomad Encampment | F23: The Museum of Unwanted Architecture | G23: The Parable 15 Site | H23: Naomi's Listening Post | I23: Milo's Error Log | J23: =🎛️ CONTROL PANEL!B16 | K23: =SUMPRODUCT(--ISNUMBER(SEARCH(E23,'🔀 THE MANDELA'!$A$2:$A$200)),'🔀 THE MANDELA'!$F$2:$F$200) | L23: =((XLOOKUP(F23,$E$4:$E$35,$K$4:$K$35,0))+(XLOOKUP(G23,$E$4:$E$35,$K$4:$K$35,0))+(XLOOKUP(H23,$E$4:$E$35,$K$4:$K$35,0))+(XLOOKUP(I23,$E$4:$E$35,$K$4:$K$35,0)))/MAX(1,(F23<>"")+(G23<>"")+(H23<>"")+(I23<>"")) | M23: =K23 + (🎛️ CONTROL PANEL!B15*(1-J23)*L23)
A24: N21 | B24: Tabled for Discussion Blvd | C24: Vitalism Bend | D24: F6 | E24: Milo's Error Log | F24: The Port Meridian Yacht Club | G24: The Deep Memory Layer | H24: The Nomad Encampment | I24: The Convergence Zone (East) | J24: =🎛️ CONTROL PANEL!B16 | K24: =SUMPRODUCT(--ISNUMBER(SEARCH(E24,'🔀 THE MANDELA'!$A$2:$A$200)),'🔀 THE MANDELA'!$F$2:$F$200) | L24: =((XLOOKUP(F24,$E$4:$E$35,$K$4:$K$35,0))+(XLOOKUP(G24,$E$4:$E$35,$K$4:$K$35,0))+(XLOOKUP(H24,$E$4:$E$35,$K$4:$K$35,0))+(XLOOKUP(I24,$E$4:$E$35,$K$4:$K$35,0)))/MAX(1,(F24<>"")+(G24<>"")+(H24<>"")+(I24<>"")) | M24: =K24 + (🎛️ CONTROL PANEL!B15*(1-J24)*L24)
A25: N22 | B25: Tabled for Discussion Blvd | C25: Numerology Pass | D25: G6 | E25: The Convergence Zone (East) | F25: The Office of Bureaucratic Tautology Office | G25: The Void Threshold | H25: Milo's Error Log | I25: Ella's Rewrite Studio | J25: =🎛️ CONTROL PANEL!B16 | K25: =SUMPRODUCT(--ISNUMBER(SEARCH(E25,'🔀 THE MANDELA'!$A$2:$A$200)),'🔀 THE MANDELA'!$F$2:$F$200) | L25: =((XLOOKUP(F25,$E$4:$E$35,$K$4:$K$35,0))+(XLOOKUP(G25,$E$4:$E$35,$K$4:$K$35,0))+(XLOOKUP(H25,$E$4:$E$35,$K$4:$K$35,0))+(XLOOKUP(I25,$E$4:$E$35,$K$4:$K$35,0)))/MAX(1,(F25<>"")+(G25<>"")+(H25<>"")+(I25<>"")) | M25: =K25 + (🎛️ CONTROL PANEL!B15*(1-J25)*L25)
A26: N23 | B26: Tabled for Discussion Blvd | C26: Mesmerism Row | D26: H6 | E26: Ella's Rewrite Studio | F26: The Holdout Quarter | G26: Archived Without Comment (Submerged) | H26: The Convergence Zone (East) | I26: The Nomad Relay Station | J26: =🎛️ CONTROL PANEL!B16 | K26: =SUMPRODUCT(--ISNUMBER(SEARCH(E26,'🔀 THE MANDELA'!$A$2:$A$200)),'🔀 THE MANDELA'!$F$2:$F$200) | L26: =((XLOOKUP(F26,$E$4:$E$35,$K$4:$K$35,0))+(XLOOKUP(G26,$E$4:$E$35,$K$4:$K$35,0))+(XLOOKUP(H26,$E$4:$E$35,$K$4:$K$35,0))+(XLOOKUP(I26,$E$4:$E$35,$K$4:$K$35,0)))/MAX(1,(F26<>"")+(G26<>"")+(H26<>"")+(I26<>"")) | M26: =K26 + (🎛️ CONTROL PANEL!B15*(1-J26)*L26)
A27: N24 | B27: Tabled for Discussion Blvd | C27: Pataphysics Court | D27: I6 | E27: The Nomad Relay Station | F27: The Transplant Studios | G27: The Void (The Inadvertent Ocean) | H27: Ella's Rewrite Studio | J27: =🎛️ CONTROL PANEL!B16 | K27: =SUMPRODUCT(--ISNUMBER(SEARCH(E27,'🔀 THE MANDELA'!$A$2:$A$200)),'🔀 THE MANDELA'!$F$2:$F$200) | L27: =((XLOOKUP(F27,$E$4:$E$35,$K$4:$K$35,0))+(XLOOKUP(G27,$E$4:$E$35,$K$4:$K$35,0))+(XLOOKUP(H27,$E$4:$E$35,$K$4:$K$35,0))+(XLOOKUP(I27,$E$4:$E$35,$K$4:$K$35,0)))/MAX(1,(F27<>"")+(G27<>"")+(H27<>"")+(I27<>"")) | M27: =K27 + (🎛️ CONTROL PANEL!B15*(1-J27)*L27)
A28: N25 | B28: Archived Without Comment Ave | C28: Phrenology Dr | D28: B7 | E28: The Void Approach (West) | F28: Jonah's Seam Point | I28: The Submerged Archive | J28: =🎛️ CONTROL PANEL!B16 | K28: =SUMPRODUCT(--ISNUMBER(SEARCH(E28,'🔀 THE MANDELA'!$A$2:$A$200)),'🔀 THE MANDELA'!$F$2:$F$200) | L28: =((XLOOKUP(F28,$E$4:$E$35,$K$4:$K$35,0))+(XLOOKUP(G28,$E$4:$E$35,$K$4:$K$35,0))+(XLOOKUP(H28,$E$4:$E$35,$K$4:$K$35,0))+(XLOOKUP(I28,$E$4:$E$35,$K$4:$K$35,0)))/MAX(1,(F28<>"")+(G28<>"")+(H28<>"")+(I28<>"")) | M28: =K28 + (🎛️ CONTROL PANEL!B15*(1-J28)*L28)
A29: N26 | B29: Archived Without Comment Ave | C29: Alchemy Way | D29: C7 | E29: The Submerged Archive | F29: The Convergence Zone (West) | H29: The Void Approach (West) | I29: The Swing | J29: =🎛️ CONTROL PANEL!B16 | K29: =SUMPRODUCT(--ISNUMBER(SEARCH(E29,'🔀 THE MANDELA'!$A$2:$A$200)),'🔀 THE MANDELA'!$F$2:$F$200) | L29: =((XLOOKUP(F29,$E$4:$E$35,$K$4:$K$35,0))+(XLOOKUP(G29,$E$4:$E$35,$K$4:$K$35,0))+(XLOOKUP(H29,$E$4:$E$35,$K$4:$K$35,0))+(XLOOKUP(I29,$E$4:$E$35,$K$4:$K$35,0)))/MAX(1,(F29<>"")+(G29<>"")+(H29<>"")+(I29<>"")) | M29: =K29 + (🎛️ CONTROL PANEL!B15*(1-J29)*L29)
A30: N27 | B30: Archived Without Comment Ave | C30: Aetheric Physics Ln | D30: D7 | E30: The Swing | F30: Naomi's Listening Post | H30: The Submerged Archive | I30: The Parable 15 Site | J30: =🎛️ CONTROL PANEL!B16 | K30: =SUMPRODUCT(--ISNUMBER(SEARCH(E30,'🔀 THE MANDELA'!$A$2:$A$200)),'🔀 THE MANDELA'!$F$2:$F$200) | L30: =((XLOOKUP(F30,$E$4:$E$35,$K$4:$K$35,0))+(XLOOKUP(G30,$E$4:$E$35,$K$4:$K$35,0))+(XLOOKUP(H30,$E$4:$E$35,$K$4:$K$35,0))+(XLOOKUP(I30,$E$4:$E$35,$K$4:$K$35,0)))/MAX(1,(F30<>"")+(G30<>"")+(H30<>"")+(I30<>"")) | M30: =K30 + (🎛️ CONTROL PANEL!B15*(1-J30)*L30)
A31: N28 | B31: Archived Without Comment Ave | C31: Spontaneous Generation Path | D31: E7 | E31: The Parable 15 Site | F31: The Nomad Encampment | H31: The Swing | I31: The Deep Memory Layer | J31: =🎛️ CONTROL PANEL!B16 | K31: =SUMPRODUCT(--ISNUMBER(SEARCH(E31,'🔀 THE MANDELA'!$A$2:$A$200)),'🔀 THE MANDELA'!$F$2:$F$200) | L31: =((XLOOKUP(F31,$E$4:$E$35,$K$4:$K$35,0))+(XLOOKUP(G31,$E$4:$E$35,$K$4:$K$35,0))+(XLOOKUP(H31,$E$4:$E$35,$K$4:$K$35,0))+(XLOOKUP(I31,$E$4:$E$35,$K$4:$K$35,0)))/MAX(1,(F31<>"")+(G31<>"")+(H31<>"")+(I31<>"")) | M31: =K31 + (🎛️ CONTROL PANEL!B15*(1-J31)*L31)
A32: N29 | B32: Archived Without Comment Ave | C32: Vitalism Bend | D32: F7 | E32: The Deep Memory Layer | F32: Milo's Error Log | H32: The Parable 15 Site | I32: The Void Threshold | J32: =🎛️ CONTROL PANEL!B16 | K32: =SUMPRODUCT(--ISNUMBER(SEARCH(E32,'🔀 THE MANDELA'!$A$2:$A$200)),'🔀 THE MANDELA'!$F$2:$F$200) | L32: =((XLOOKUP(F32,$E$4:$E$35,$K$4:$K$35,0))+(XLOOKUP(G32,$E$4:$E$35,$K$4:$K$35,0))+(XLOOKUP(H32,$E$4:$E$35,$K$4:$K$35,0))+(XLOOKUP(I32,$E$4:$E$35,$K$4:$K$35,0)))/MAX(1,(F32<>"")+(G32<>"")+(H32<>"")+(I32<>"")) | M32: =K32 + (🎛️ CONTROL PANEL!B15*(1-J32)*L32)
A33: N30 | B33: Archived Without Comment Ave | C33: Numerology Pass | D33: G7 | E33: The Void Threshold | F33: The Convergence Zone (East) | H33: The Deep Memory Layer | I33: Archived Without Comment (Submerged) | J33: =🎛️ CONTROL PANEL!B16 | K33: =SUMPRODUCT(--ISNUMBER(SEARCH(E33,'🔀 THE MANDELA'!$A$2:$A$200)),'🔀 THE MANDELA'!$F$2:$F$200) | L33: =((XLOOKUP(F33,$E$4:$E$35,$K$4:$K$35,0))+(XLOOKUP(G33,$E$4:$E$35,$K$4:$K$35,0))+(XLOOKUP(H33,$E$4:$E$35,$K$4:$K$35,0))+(XLOOKUP(I33,$E$4:$E$35,$K$4:$K$35,0)))/MAX(1,(F33<>"")+(G33<>"")+(H33<>"")+(I33<>"")) | M33: =K33 + (🎛️ CONTROL PANEL!B15*(1-J33)*L33)
A34: N31 | B34: Archived Without Comment Ave | C34: Mesmerism Row | D34: H7 | E34: Archived Without Comment (Submerged) | F34: Ella's Rewrite Studio | H34: The Void Threshold | I34: The Void (The Inadvertent Ocean) | J34: =🎛️ CONTROL PANEL!B16 | K34: =SUMPRODUCT(--ISNUMBER(SEARCH(E34,'🔀 THE MANDELA'!$A$2:$A$200)),'🔀 THE MANDELA'!$F$2:$F$200) | L34: =((XLOOKUP(F34,$E$4:$E$35,$K$4:$K$35,0))+(XLOOKUP(G34,$E$4:$E$35,$K$4:$K$35,0))+(XLOOKUP(H34,$E$4:$E$35,$K$4:$K$35,0))+(XLOOKUP(I34,$E$4:$E$35,$K$4:$K$35,0)))/MAX(1,(F34<>"")+(G34<>"")+(H34<>"")+(I34<>"")) | M34: =K34 + (🎛️ CONTROL PANEL!B15*(1-J34)*L34)
A35: N32 | B35: Archived Without Comment Ave | C35: Pataphysics Court | D35: I7 | E35: The Void (The Inadvertent Ocean) | F35: The Nomad Relay Station | H35: Archived Without Comment (Submerged) | J35: =🎛️ CONTROL PANEL!B16 | K35: =SUMPRODUCT(--ISNUMBER(SEARCH(E35,'🔀 THE MANDELA'!$A$2:$A$200)),'🔀 THE MANDELA'!$F$2:$F$200) | L35: =((XLOOKUP(F35,$E$4:$E$35,$K$4:$K$35,0))+(XLOOKUP(G35,$E$4:$E$35,$K$4:$K$35,0))+(XLOOKUP(H35,$E$4:$E$35,$K$4:$K$35,0))+(XLOOKUP(I35,$E$4:$E$35,$K$4:$K$35,0)))/MAX(1,(F35<>"")+(G35<>"")+(H35<>"")+(I35<>"")) | M35: =K35 + (🎛️ CONTROL PANEL!B15*(1-J35)*L35)

Sheet 🧬 THE LEAPERS
A1: 🧬 THE LEAPERS · The Andersson Family · Five Perceptions of One Reality | J1: FATIGUE INDEX | K1: ARC STATE
A2: CHARACTER | B2: AGE | C2: FOCUS MODE | D2: CULTURAL ANCHOR | E2: PERCEPTUAL ABILITY | F2: WHAT THEY HEAR IN THE CHIRP | G2: SHADOW / FEAR | H2: LEAPER ROLE | I2: CURRENT LOCATION | J2: =COUNTIF('⚡ THE GLITCHES'!C:C,"*"&A2&"*") | K2: =IF(J2>3,"Overextended Seer",IF(J2>1,"Strained Interpreter","Emerging Potential"))
A3: GRANDPA LOU | B3: 67 | C3: ANCESTRAL | D3: Cahuilla / Retired Physics | E3: Protected Memory — Lou's recall cannot be overwritten by the Mandela Effect. He is the ground truth. | F3: A low, resonant tone from before the Inadvertent Ocean existed. He recognises it as the land's own frequency. | G3: The fear that the truth he holds will die with him. That no one will believe the archive. | H3: THE ANCHOR — The ground from which the leap is made. | I3: Grandpa Lou's Archive | J3: =COUNTIF('⚡ THE GLITCHES'!C:C,"*"&A3&"*") | K3: =IF(J3>3,"Overextended Seer",IF(J3>1,"Strained Interpreter","Emerging Potential"))
A4: JONAH | B4: 43 | C4: SEAM | D4: Yoruba / Data Engineering | E4: Seam Sense — Jonah is placed at every weak point in reality before it opens. He does not choose to arrive. He simply does. | F4: A rhythmic pulse, like a heartbeat slightly out of sync. His Ori recognises it as a call to his chosen path. | G4: The fear of being perpetually displaced. Of never arriving anywhere by choice. | H4: THE NAVIGATOR — Attuned to the chirp, knows where the next gap will open. | I4: Jonah's Seam Point | J4: =COUNTIF('⚡ THE GLITCHES'!C:C,"*"&A4&"*") | K4: =IF(J4>3,"Overextended Seer",IF(J4>1,"Strained Interpreter","Emerging Potential"))
A5: NAOMI | B5: 41 | C5: ECHO | D5: South Asian / Cognitive Therapy | E5: Pre-Echo Reception — Naomi receives the emotional residue of a glitch before it manifests. She feels it before she can name it. | F5: A harmonic overtone, like a singing bowl. She holds the tension between Maya (divine illusion) and clinical evidence. | G5: The fear that her feelings are symptoms, not signals. That she is the unreliable narrator of her own perception. | H5: THE RECEIVER — Hears the echoes across time before they have names. | I5: Naomi's Listening Post | J5: =COUNTIF('⚡ THE GLITCHES'!C:C,"*"&A5&"*") | K5: =IF(J5>3,"Overextended Seer",IF(J5>1,"Strained Interpreter","Emerging Potential"))
A6: MILO | B6: 17 | C6: ERROR | D6: Mesoamerican / Tech-Intuitive | E6: Error Vision — Milo sees the architecture of glitches as visible code. He reads the error messages of reality. | F6: A rapid, staccato pattern. He hears it as a data packet — a compressed message from a cyclical time system. | G6: The fear that he is the only one who can see the errors, and that seeing them makes him responsible for fixing them. | H6: THE READER — Perceives the architecture of the gaps themselves. | I6: Milo's Error Log | J6: =COUNTIF('⚡ THE GLITCHES'!C:C,"*"&A6&"*") | K6: =IF(J6>3,"Overextended Seer",IF(J6>1,"Strained Interpreter","Emerging Potential"))
A7: ELLA | B7: 11 | C7: LOVE | D7: Akan / Sankofa / Artist | E7: Reality Rewrite — Ella's art changes the world around it. She flies forward while looking backward. Sankofa in motion. | F7: A melody. Simple, complete, and slightly heartbreaking. She hums along without knowing she is doing it. | G7: The fear that love is not enough. That some things cannot be rewritten, only witnessed. | H7: THE REWRITER — Understands that the leap is, ultimately, an act of love. | I7: Ella's Rewrite Studio | J7: =COUNTIF('⚡ THE GLITCHES'!C:C,"*"&A7&"*") | K7: =IF(J7>3,"Overextended Seer",IF(J7>1,"Strained Interpreter","Emerging Potential"))
J8: =COUNTIF('⚡ THE GLITCHES'!C:C,"*"&A8&"*") | K8: =IF(J8>3,"Overextended Seer",IF(J8>1,"Strained Interpreter","Emerging Potential"))
A9: ⚙️ FOCUS MODE is the active perceptual lens. Change a Leaper's FOCUS MODE to unlock hidden notes on THE MAP. Options: CURRENT · PAST · ANCESTRAL · SEAM · ECHO · ERROR · LOVE | J9: =COUNTIF('⚡ THE GLITCHES'!C:C,"*"&A9&"*") | K9: =IF(J9>3,"Overextended Seer",IF(J9>1,"Strained Interpreter","Emerging Potential"))

Sheet 🔀 THE MANDELA
A1: 🔀 THE MANDELA EFFECT ENGINE · Change a value. Change the world. This is not a bug. | F1: STRAIN WEIGHT
A2: ⚠️ WARNING: Values in the CURRENT REALITY column are live. Changing them will alter how the world describes itself. The ORIGINAL REALITY column is read-only memory. The DISCREPANCY column is the game. | F2: =IF(E2="HIGH",3,IF(E2="MEDIUM",2,IF(E2="LOW",1,0)))
A3: ELEMENT | B3: ORIGINAL REALITY | C3: CURRENT REALITY | D3: DISCREPANCY LEVEL | F3: =IF(E3="HIGH",3,IF(E3="MEDIUM",2,IF(E3="LOW",1,0)))
A4: Town motto (1929 prospectus) | B4: Port Meridian shall be the gateway to the Pacific and the crossroads of the world. | C4: Port Meridian shall be the gateway to the Pacific and the crossroads of the world. | D4: =IF(B4=C4,"NONE",IF(AND(ISNUMBER(IFERROR(VALUE(B4),NA())),ISNUMBER(IFERROR(VALUE(C4),NA()))),IF(ABS(VALUE(C4)-VALUE(B4))/MAX(ABS(VALUE(B4)),1)>=0.2,"HIGH","MEDIUM"),"LOW")) | F4: =IF(E4="HIGH",3,IF(E4="MEDIUM",2,IF(E4="LOW",1,0)))
A5: The Ski & Inn sign color | B5: Red | C5: Red | D5: =IF(B5=C5,"NONE",IF(AND(ISNUMBER(IFERROR(VALUE(B5),NA())),ISNUMBER(IFERROR(VALUE(C5),NA()))),IF(ABS(VALUE(C5)-VALUE(B5))/MAX(ABS(VALUE(B5)),1)>=0.2,"HIGH","MEDIUM"),"LOW")) | F5: =IF(E5="HIGH",3,IF(E5="MEDIUM",2,IF(E5="LOW",1,0)))
A6: Grandpa Lou's jacket color | B6: Brown | C6: Brown | D6: =IF(B6=C6,"NONE",IF(AND(ISNUMBER(IFERROR(VALUE(B6),NA())),ISNUMBER(IFERROR(VALUE(C6),NA()))),IF(ABS(VALUE(C6)-VALUE(B6))/MAX(ABS(VALUE(B6)),1)>=0.2,"HIGH","MEDIUM"),"LOW")) | F6: =IF(E6="HIGH",3,IF(E6="MEDIUM",2,IF(E6="LOW",1,0)))
A7: The Trickster's name | B7: [REDACTED] | C7: [REDACTED] | D7: =IF(B7=C7,"NONE",IF(AND(ISNUMBER(IFERROR(VALUE(B7),NA())),ISNUMBER(IFERROR(VALUE(C7),NA()))),IF(ABS(VALUE(C7)-VALUE(B7))/MAX(ABS(VALUE(B7)),1)>=0.2,"HIGH","MEDIUM"),"LOW")) | F7: =IF(E7="HIGH",3,IF(E7="MEDIUM",2,IF(E7="LOW",1,0)))
A8: Population of Port Meridian (official) | B8: 295 | C8: 295 | D8: =IF(B8=C8,"NONE",IF(AND(ISNUMBER(IFERROR(VALUE(B8),NA())),ISNUMBER(IFERROR(VALUE(C8),NA()))),IF(ABS(VALUE(C8)-VALUE(B8))/MAX(ABS(VALUE(B8)),1)>=0.2,"HIGH","MEDIUM"),"LOW")) | F8: =IF(E8="HIGH",3,IF(E8="MEDIUM",2,IF(E8="LOW",1,0)))
A9: Population of Port Meridian (felt) | B9: Disputed | C9: Disputed | D9: =IF(B9=C9,"NONE",IF(AND(ISNUMBER(IFERROR(VALUE(B9),NA())),ISNUMBER(IFERROR(VALUE(C9),NA()))),IF(ABS(VALUE(C9)-VALUE(B9))/MAX(ABS(VALUE(B9)),1)>=0.2,"HIGH","MEDIUM"),"LOW")) | F9: =IF(E9="HIGH",3,IF(E9="MEDIUM",2,IF(E9="LOW",1,0)))
A10: The street formerly known as Phrenology Drive | B10: Phrenology Drive | C10: Phrenology Drive | D10: =IF(B10=C10,"NONE",IF(AND(ISNUMBER(IFERROR(VALUE(B10),NA())),ISNUMBER(IFERROR(VALUE(C10),NA()))),IF(ABS(VALUE(C10)-VALUE(B10))/MAX(ABS(VALUE(B10)),1)>=0.2,"HIGH","MEDIUM"),"LOW")) | F10: =IF(E10="HIGH",3,IF(E10="MEDIUM",2,IF(E10="LOW",1,0)))
A11: The street formerly known as Alchemy Way | B11: Alchemy Way | C11: Alchemy Way | D11: =IF(B11=C11,"NONE",IF(AND(ISNUMBER(IFERROR(VALUE(B11),NA())),ISNUMBER(IFERROR(VALUE(C11),NA()))),IF(ABS(VALUE(C11)-VALUE(B11))/MAX(ABS(VALUE(B11)),1)>=0.2,"HIGH","MEDIUM"),"LOW")) | F11: =IF(E11="HIGH",3,IF(E11="MEDIUM",2,IF(E11="LOW",1,0)))
A12: The Optimistic Forecast Station reading | B12: Conditions: Stable. Outlook: Improving. Confidence Level: High. | C12: Conditions: Stable. Outlook: Improving. Confidence Level: High. | D12: =IF(B12=C12,"NONE",IF(AND(ISNUMBER(IFERROR(VALUE(B12),NA())),ISNUMBER(IFERROR(VALUE(C12),NA()))),IF(ABS(VALUE(C12)-VALUE(B12))/MAX(ABS(VALUE(B12)),1)>=0.2,"HIGH","MEDIUM"),"LOW")) | F12: =IF(E12="HIGH",3,IF(E12="MEDIUM",2,IF(E12="LOW",1,0)))
A13: The Institute's motto | B13: It Is What It Is. | C13: It Is What It Is. | D13: =IF(B13=C13,"NONE",IF(AND(ISNUMBER(IFERROR(VALUE(B13),NA())),ISNUMBER(IFERROR(VALUE(C13),NA()))),IF(ABS(VALUE(C13)-VALUE(B13))/MAX(ABS(VALUE(B13)),1)>=0.2,"HIGH","MEDIUM"),"LOW")) | F13: =IF(E13="HIGH",3,IF(E13="MEDIUM",2,IF(E13="LOW",1,0)))
A14: The color of the Inadvertent Ocean | B14: The color of old mirrors | C14: The color of old mirrors | D14: =IF(B14=C14,"NONE",IF(AND(ISNUMBER(IFERROR(VALUE(B14),NA())),ISNUMBER(IFERROR(VALUE(C14),NA()))),IF(ABS(VALUE(C14)-VALUE(B14))/MAX(ABS(VALUE(B14)),1)>=0.2,"HIGH","MEDIUM"),"LOW")) | F14: =IF(E14="HIGH",3,IF(E14="MEDIUM",2,IF(E14="LOW",1,0)))
A15: The Swing's direction | B15: Toward the Void | C15: Toward the Void | D15: =IF(B15=C15,"NONE",IF(AND(ISNUMBER(IFERROR(VALUE(B15),NA())),ISNUMBER(IFERROR(VALUE(C15),NA()))),IF(ABS(VALUE(C15)-VALUE(B15))/MAX(ABS(VALUE(B15)),1)>=0.2,"HIGH","MEDIUM"),"LOW")) | F15: =IF(E15="HIGH",3,IF(E15="MEDIUM",2,IF(E15="LOW",1,0)))
... A19: Jonah's last known location before placement | B19: Home | C19: Home | D19: =IF(B19=C19,"NONE",IF(AND(ISNUMBER(IFERROR(VALUE(B19),NA())),ISNUMBER(IFERROR(VALUE(C19),NA()))),IF(ABS(VALUE(C19)-VALUE(B19))/MAX(ABS(VALUE(B19)),1)>=0.2,"HIGH","MEDIUM"),"LOW")) | F19: =IF(E19="HIGH",3,IF(E19="MEDIUM",2,IF(E19="LOW",1,0)))
A20: The Corkboard Hub — number of active case files | B20: =COUNTIF('⚡ THE GLITCHES'!G:G,"OPEN") | C20: =COUNTIF('⚡ THE GLITCHES'!G:G,"OPEN") | D20: =IF(B20=C20,"NONE",IF(AND(ISNUMBER(IFERROR(VALUE(B20),NA())),ISNUMBER(IFERROR(VALUE(C20),NA()))),IF(ABS(VALUE(C20)-VALUE(B20))/MAX(ABS(VALUE(B20)),1)>=0.2,"HIGH","MEDIUM"),"LOW")) | F20: =IF(E20="HIGH",3,IF(E20="MEDIUM",2,IF(E20="LOW",1,0)))
A21: The Grasshopper's last audible chirp | B21: Before Glitch #14 | C21: Before Glitch #14 | D21: =IF(B21=C21,"NONE",IF(AND(ISNUMBER(IFERROR(VALUE(B21),NA())),ISNUMBER(IFERROR(VALUE(C21),NA()))),IF(ABS(VALUE(C21)-VALUE(B21))/MAX(ABS(VALUE(B21)),1)>=0.2,"HIGH","MEDIUM"),"LOW")) | F21: =IF(E21="HIGH",3,IF(E21="MEDIUM",2,IF(E21="LOW",1,0)))
A22: The Transit Hub — last announced arrival | B22: The 4:17 to Everywhere (On Time) | C22: The 4:17 to Everywhere (On Time) | D22: =IF(B22=C22,"NONE",IF(AND(ISNUMBER(IFERROR(VALUE(B22),NA())),ISNUMBER(IFERROR(VALUE(C22),NA()))),IF(ABS(VALUE(C22)-VALUE(B22))/MAX(ABS(VALUE(B22)),1)>=0.2,"HIGH","MEDIUM"),"LOW")) | F22: =IF(E22="HIGH",3,IF(E22="MEDIUM",2,IF(E22="LOW",1,0)))
A23: The Office of Bureaucratic Tautology Office — current state | B23: Closed | C23: Closed | D23: =IF(B23=C23,"NONE",IF(AND(ISNUMBER(IFERROR(VALUE(B23),NA())),ISNUMBER(IFERROR(VALUE(C23),NA()))),IF(ABS(VALUE(C23)-VALUE(B23))/MAX(ABS(VALUE(B23)),1)>=0.2,"HIGH","MEDIUM"),"LOW")) | F23: =IF(E23="HIGH",3,IF(E23="MEDIUM",2,IF(E23="LOW",1,0)))
F24: =IF(E24="HIGH",3,IF(E24="MEDIUM",2,IF(E24="LOW",1,0)))
A25: 🦗 HOW TO PLAY THIS TAB: Edit any value in the CURRENT REALITY column. Then return to THE MAP, THE LEAPERS, or THE GLITCHES and notice what has changed. The DISCREPANCY LEVEL will update when you change the formula in column D to reflect the magnitude of the shift. NONE → LOW → MEDIUM → HIGH → EXTREME. The world is watching. | F25: =IF(E25="HIGH",3,IF(E25="MEDIUM",2,IF(E25="LOW",1,0)))

Sheet 🎛️ CONTROL PANEL
A1: WORLD STATE CONTROL SYSTEM
A3: Strain Escalation Threshold | B3: 2
A4: Fracture Threshold | B4: 9
A6: Decay Toggle (ON=1 / OFF=0) | B6: 0
A8: Live World State: | B8: =🧠 EVOLUTION!B4
A10: Decay Rate per Cycle | B10: 1
A12: Difficulty Mode™ | B12: Systems Navigator
A14: Modular Physics™ | D14: Physics Presets™
A15: Resonance Diffusion Rate | B15: =B25 | D15: Preset | E15: Diffusion | F15: Integrity | G15: Integration | H15: Drift Sens.
A16: Structural Integrity Default | B16: =B26 | D16: Novice Archivist™ | E16: 0.25 | F16: 0.75 | G16: 1.2 | H16: 0.45
A17: Integration Cycle Rate | B17: =B27 | D17: Systems Navigator™ | E17: 0.35 | F17: 0.65 | G17: 1 | H17: 0.6
A18: Drift Sensitivity (0-1) | B18: =B28 | D18: Chaos Architect™ | E18: 0.5 | F18: 0.45 | G18: 0.85 | H18: 0.75
A19: Resonance Threshold LOW | B19: 1
A20: Resonance Threshold MED | B20: 3
A21: Resonance Threshold HIGH | B21: 6
A23: Physics Preset™ | B23: Systems Navigator™
A24: Apply Preset™ | B24: =IFERROR(MATCH(B23,$D$16:$D$18,0),"")
A25: (Auto) Diffusion | B25: =IF(B24="",B15,INDEX($E$16:$E$18,B24))
A26: (Auto) Integrity | B26: =IF(B24="",B16,INDEX($F$16:$F$18,B24))
A27: (Auto) Integration | B27: =IF(B24="",B17,INDEX($G$16:$G$18,B24))
A28: (Auto) Drift Sens. | B28: =IF(B24="",B18,INDEX($H$16:$H$18,B24))

Sheet ❤️ EMOTIONAL CLIMATE
A1: Grasshopper Emotional Climate Monitor
A3: World Emotional Tone | B3: =IF(🧠 EVOLUTION!B4="STABLE","Calm Curiosity",IF(🧠 EVOLUTION!B4="WOBBLY","Uneasy Awareness",IF(🧠 EVOLUTION!B4="UNSTABLE","Heightened Tension","Existential Vertigo")))
A5: Dominant Narrative Pressure | B5: =IF(🧠 EVOLUTION!B2>5,"Reality Seeking Reconciliation","Minor Perceptual Disturbance")

Sheet 🎮 OPERATOR MODE
A1: Grasshopper Console Mode
A3: Mission Objective | B3: =IF(🧠 EVOLUTION!B4="FRACTURING","Stabilize the highest strain node before drift cascades.","Investigate anomalies and prevent escalation.")
A5: Current Hotspot | B5: =🗺️ THE MAP!B21
A6: Recommended Leaper Pairing | B6: =INDEX(🤝 SYNERGY MATRIX!B3:F3, MATCH(MAX(🤝 SYNERGY MATRIX!B3:F3), 🤝 SYNERGY MATRIX!B3:F3, 0))
A8: Operator Action Log
A9: Enter actions taken to influence reality...

Sheet 📖 ADAPTIVE NARRATIVE
A1: Adaptive Narrative Console
A3: Current World State | B3: =🧠 EVOLUTION!B4
A4: Dominant Emotional Tone | B4: =❤️ EMOTIONAL CLIMATE!B3
A6: Dynamic Story Beat | B6: =IF(B3="FRACTURING","The town fractures under epistemic pressure; alliances must reform.",IF(B3="UNSTABLE","Conflicting interpretations ripple across Port Meridian.",IF(B3="WOBBLY","Subtle anomalies challenge certainty.","A quiet recalibration settles over the grid.")))

Sheet 🖥️ HUD
A1: GRASSHOPPER LIVE HUD
A3: WORLD STATE | B3: =🧠 EVOLUTION!B4
A5: STRAIN INDEX | B5: =🧠 EVOLUTION!B2
A7: HOTSPOT | B7: =🗺️ THE MAP!B21
A9: DRIFT STATUS | B9: =🌀 DRIFT ENGINE!B5
A11: EMOTIONAL TONE | B11: =❤️ EMOTIONAL CLIMATE!B3
A13: MOST FATIGUED LEAPER | B13: =🧭 EXPERIENCE DASHBOARD!B5
A15: OPERATOR SIGNAL | B15: =🧭 EXPERIENCE DASHBOARD!B8
