Workbook

Sheet 🦗 README
B3: 🦗 G R A S S H O P P E R
B4: R E A L I T Y D E B U G G E R S
B5: The Psychedelic Spreadsheet Edition
B7: You are in Port Meridian, California.
B8: Population: Disputed.
B9: Elevation: 227 feet below sea level.
B10: Distance to the Pacific: 150 miles.
B11: Distance to consensus reality: unmeasured.
B13: The Grasshopper has been here longer than you have.
B14: It does not explain itself.
B15: Neither does this spreadsheet.
B17: HOW TO INHABIT THIS WORLD
... B42: Port Meridian, CA · 227ft below sea level · 80°F · 33 AQI

Sheet 🧠 EVOLUTION
A1: 🧠 EVOLUTION LAYER · Formula-driven world state
A2: Reality Strain Index | B2: =COUNTIF('🔀 THE MANDELA'!$D$4:$D$23,"LOW")+2*COUNTIF('🔀 THE MANDELA'!$D$4:$D$23,"MEDIUM")+3*COUNTIF('🔀 THE MANDELA'!$D$4:$D$23,"HIGH")
A3: Discrepancy counts
A4: LOW | B4: =COUNTIF('🔀 THE MANDELA'!$D$4:$D$23,"LOW")
A5: MEDIUM | B5: =COUNTIF('🔀 THE MANDELA'!$D$4:$D$23,"MEDIUM")
A6: HIGH | B6: =COUNTIF('🔀 THE MANDELA'!$D$4:$D$23,"HIGH")
A7: NONE | B7: =COUNTIF('🔀 THE MANDELA'!$D$4:$D$23,"NONE")
A9: World State | B9: =IF(B2>=9,"FRACTURING",IF(B2>=4,"UNSTABLE",IF(B2>=1,"WOBBLY","STABLE")))
A10: Decayed Strain | B10: =IF('🎛️ CONTROL PANEL'!B6=1,MAX(B2-'🎛️ CONTROL PANEL'!B10,0),B2)
A11: Notes
A12: • Change values in 🔀 THE MANDELA (CURRENT REALITY). DISCREPANCY LEVEL updates automatically.
A13: • ⚡ THE GLITCHES gains AUTO fields driven by Mandela discrepancies and location matching.
A14: • Override any formula cell by typing a value (turning it into a manual decision).

Sheet 🗺️ THE MAP
A1: 🗺️ PORT MERIDIAN · GRID OF MISGUIDED CERTAINTY · 227ft BELOW SEA LEVEL
A2: ="⚡ REALITY STRAIN: "&'🧠 EVOLUTION'!B2&" · WORLD STATE: "&'🧠 EVOLUTION'!B9 | E2: ="OPEN GLITCHES: "&COUNTIF('⚡ THE GLITCHES'!G:G,"OPEN")
A3: STREET \ AVENUE | B3: Phrenology Dr | C3: Alchemy Way | D3: Aetheric Physics Ln | E3: Spontaneous Generation Path | F3: Vitalism Bend | G3: Numerology Pass | H3: Mesmerism Row | I3: Pataphysics Court
A4: Pending Approval St | B4: The Berm Outpost | C4: The Welcome Sign | D4: The Ski & Inn | E4: The Perceptual Shift Drive-In | F4: The Hermitage of Provisional Conclusions | G4: The Port Meridian Transit Hub | H4: The Optimistic Forecast Station | I4: The Threshold
A5: Further Review Rd | B5: Grandpa Lou's Archive | C5: The Institute for Tautological Studies | D5: The Corkboard Hub | E5: The Museum of Unwanted Architecture | F5: The Port Meridian Yacht Club | G5: The Office of Bureaucratic Tautology Office | H5: The Holdout Quarter | I5: The Transplant Studios
A6: Tabled for Discussion Blvd | B6: Jonah's Seam Point | C6: The Convergence Zone (West) | D6: Naomi's Listening Post | E6: The Nomad Encampment | F6: Milo's Error Log | G6: The Convergence Zone (East) | H6: Ella's Rewrite Studio | I6: The Nomad Relay Station
A7: Archived Without Comment Ave | B7: The Void Approach (West) | C7: The Submerged Archive | D7: The Swing | E7: The Parable 15 Site | F7: The Deep Memory Layer | G7: The Void Threshold | H7: Archived Without Comment (Submerged) | I7: The Void (The Inadvertent Ocean)
A9: ZONE LEGEND · Hover over any cell for its lore description
A10: HUB ZONE — The Ski & Inn & Corkboard | B10: GLITCH ZONE — Active anomaly | C10: DEEP MEMORY — Cahuilla layer | D10: THE VOID — Inadvertent Ocean | E10: THRESHOLD — Edge of the known | F10: CONVERGENCE — Overlapping glitches | G10: NOMAD ZONE — Rotating community | H10: INSTITUTE — Tautological research | I10: THE VOID ITSELF — Here be deleted realities
A17: Localized Strain Index
A18: =SUM('🔀 THE MANDELA'!F2:F100)
A20: Node-Specific Strain Engine
A21: Highest Strain Node: | B21: =INDEX('🔀 THE MANDELA'!A2:A100, MATCH(MAX('🔀 THE MANDELA'!F2:F100), '🔀 THE MANDELA'!F2:F100, 0))
A22: Max Node Strain Value: | B22: =MAX('🔀 THE MANDELA'!F2:F100)

Sheet 🧬 THE LEAPERS
A1: 🧬 THE LEAPERS · The Andersson Family · Five Perceptions of One Reality | J1: FATIGUE INDEX
A2: CHARACTER | B2: AGE | C2: FOCUS MODE | D2: CULTURAL ANCHOR | E2: PERCEPTUAL ABILITY | F2: WHAT THEY HEAR IN THE CHIRP | G2: SHADOW / FEAR | H2: LEAPER ROLE | I2: CURRENT LOCATION | J2: =COUNTIF('⚡ THE GLITCHES'!C:C,"*"&A2&"*")
A3: GRANDPA LOU | B3: 67 | C3: ANCESTRAL | D3: Cahuilla / Retired Physics | E3: Protected Memory — Lou's recall cannot be overwritten by the Mandela Effect. He is the ground truth. | F3: A low, resonant tone from before the Inadvertent Ocean existed. He recognises it as the land's own frequency. | G3: The fear that the truth he holds will die with him. That no one will believe the archive. | H3: THE ANCHOR — The ground from which the leap is made. | I3: Grandpa Lou's Archive | J3: =COUNTIF('⚡ THE GLITCHES'!C:C,"*"&A3&"*")
A4: JONAH | B4: 43 | C4: SEAM | D4: Yoruba / Data Engineering | E4: Seam Sense — Jonah is placed at every weak point in reality before it opens. He does not choose to arrive. He simply does. | F4: A rhythmic pulse, like a heartbeat slightly out of sync. His Ori recognises it as a call to his chosen path. | G4: The fear of being perpetually displaced. Of never arriving anywhere by choice. | H4: THE NAVIGATOR — Attuned to the chirp, knows where the next gap will open. | I4: Jonah's Seam Point | J4: =COUNTIF('⚡ THE GLITCHES'!C:C,"*"&A4&"*")
A5: NAOMI | B5: 41 | C5: ECHO | D5: South Asian / Cognitive Therapy | E5: Pre-Echo Reception — Naomi receives the emotional residue of a glitch before it manifests. She feels it before she can name it. | F5: A harmonic overtone, like a singing bowl. She holds the tension between Maya (divine illusion) and clinical evidence. | G5: The fear that her feelings are symptoms, not signals. That she is the unreliable narrator of her own perception. | H5: THE RECEIVER — Hears the echoes across time before they have names. | I5: Naomi's Listening Post | J5: =COUNTIF('⚡ THE GLITCHES'!C:C,"*"&A5&"*")
A6: MILO | B6: 17 | C6: ERROR | D6: Mesoamerican / Tech-Intuitive | E6: Error Vision — Milo sees the architecture of glitches as visible code. He reads the error messages of reality. | F6: A rapid, staccato pattern. He hears it as a data packet — a compressed message from a cyclical time system. | G6: The fear that he is the only one who can see the errors, and that seeing them makes him responsible for fixing them. | H6: THE READER — Perceives the architecture of the gaps themselves. | I6: Milo's Error Log | J6: =COUNTIF('⚡ THE GLITCHES'!C:C,"*"&A6&"*")
A7: ELLA | B7: 11 | C7: LOVE | D7: Akan / Sankofa / Artist | E7: Reality Rewrite — Ella's art changes the world around it. She flies forward while looking backward. Sankofa in motion. | F7: A melody. Simple, complete, and slightly heartbreaking. She hums along without knowing she is doing it. | G7: The fear that love is not enough. That some things cannot be rewritten, only witnessed. | H7: THE REWRITER — Understands that the leap is, ultimately, an act of love. | I7: Ella's Rewrite Studio | J7: =COUNTIF('⚡ THE GLITCHES'!C:C,"*"&A7&"*")
J8: =COUNTIF('⚡ THE GLITCHES'!C:C,"*"&A8&"*")
A9: ⚙️ FOCUS MODE is the active perceptual lens. Change a Leaper's FOCUS MODE to unlock hidden notes on THE MAP. Options: CURRENT · PAST · ANCESTRAL · SEAM · ECHO · ERROR · LOVE | J9: =COUNTIF('⚡ THE GLITCHES'!C:C,"*"&A9&"*")

Sheet 👥 THE NEIGHBORS
A1: 👥 THE NEIGHBORS · Port Meridian's Permanent & Semi-Permanent Population
A2: NAME / HANDLE | B2: TRIBE | C2: HOME NODE | D2: CORE BELIEF (re: Glitches) | E2: SIGNATURE QUOTE | F2: RELATIONSHIP TO LEAPERS | G2: MANDELA SENSITIVITY
A3: THE TRICKSTER | B3: NONE (Crossroads) | C3: The Ski & Inn | D3: The glitches are the punchline. Reality is the setup. The Trickster has known the answer since before the question was asked. | E3: 'You want to know what's happening? Order a drink. It'll come to you. Or it won't. Either way, you'll have a drink.' | F3: Dispenses wisdom as jokes to all five Leapers. The Grasshopper's human voice. | G3: IMMUNE — The Trickster remembers all versions simultaneously.
A4: DOLORES PERMANENTE | B4: HOLDOUT | C4: The Holdout Quarter | D4: The glitches are the Inadvertent Ocean's revenge. The water is filing complaints through the fabric of reality. | E4: 'I've lived here since before the fish died. The fish knew something. I'm starting to think the fish were right.' | F4: Trusts Grandpa Lou. Suspicious of everyone else. Useful for historical context. | G4: HIGH — Notices changes but attributes them to the ocean's anger.
A5: RAYMOND STAYS | B5: HOLDOUT | C5: The Holdout Quarter | D5: The glitches are a bureaucratic error that will be corrected once the right form is filed with the right office. | E5: 'I've submitted seventeen complaints. The Office of Bureaucratic Tautology Office has acknowledged receipt of none of them. This is, technically, progress.' | F5: Provides Jonah with historical seam data. Unintentionally. | G5: MEDIUM — Notices changes but files them under 'pending review'.
A6: CONSUELO AQUÍ | B6: HOLDOUT | C6: Archived Without Comment Ave | D6: The glitches are proof that the original development plans for Port Meridian were cosmically correct and the universe is trying to implement them. | E6: 'The 1929 prospectus said gateway to the Pacific. I believe it. The Pacific is simply taking its time.' | F6: Provides Naomi with pre-echo data about the town's original intended reality. | G6: LOW — Interprets all changes as confirmation of the original plan.
A7: VESPER FLUX | B7: TRANSPLANT | C7: The Transplant Studios | D7: The glitches are the universe's contribution to the Biennale. They are the most important art installation in Port Meridian. | E7: 'I've been documenting the anomalies for three years. My grant proposal describes them as site-specific interventions by a non-human collaborator.' | F7: Works with Ella. Provides artistic framing for glitch events. | G7: VERY HIGH — Actively seeks Mandela moments as source material.
A8: PROFESSOR MAYBE | B8: TRANSPLANT | C8: The Institute for Tautological Studies | D8: The glitches do not exist because whatever is happening is, by definition, what is happening. His research confirms this. | E8: 'I have published fourteen papers on the subject of things being what they are. My fifteenth paper will address the question of why they are what they are. It will conclude: because they are.' | F8: Provides Milo with a perfect example of Error Vision in human form. | G8: ZERO — Constitutionally incapable of perceiving change.
A9: SOLANGE ARRIVES | B9: TRANSPLANT | C9: The Hermitage of Provisional Conclusions | D9: The glitches are invitations to update one's priors. She updates her priors approximately forty times per day. | E9: 'I used to think the street was called Phrenology Drive. Now I think it was always called something else. Both are true. Neither is the point.' | F9: Provides Naomi with a peer relationship. They disagree productively. | G9: EXTREME — Perceives every Mandela moment and considers it a gift.
A10: THE COORDINATOR | B10: NOMAD | C10: The Nomad Encampment | D10: The glitches are a coded transmission from a parallel Port Meridian where everything worked out. They are trying to send instructions. | E10: 'The message is in the frequency. The frequency is in the chirp. The chirp is the Grasshopper. The Grasshopper is the message. I've been saying this for months.' | F10: Provides Jonah with seam location data. Occasionally correct. | G10: EXTREME — Runs the most accurate Mandela Effect newsletter in the encampment.
A11: NEWSLETTER #4 COLLECTIVE | B11: NOMAD | C11: The Nomad Relay Station | D11: The glitches are evidence of a time loop. Port Meridian has already been through this. The loop is tightening. | E11: 'This is the fourth time I've written this newsletter. The other three times, it said something different. I am aware of this. I am choosing to continue.' | F11: Provides Milo with a complete error log going back six months. Partially accurate. | G11: HIGH — Remembers multiple versions but cannot agree on which is primary.
A12: ZENO OF THE ENCAMPMENT | B12: NOMAD | C12: The Nomad Encampment | D12: The glitches are proof that Port Meridian is approaching its final state asymptotically. It will never fully arrive, but it is always getting closer. | E12: 'We have been almost there for ninety years. I find this comforting.' | F12: Provides philosophical context for Grandpa Lou's ancestral timeline work. | G12: MEDIUM — Perceives the approach but not the destination.

Sheet ⚡ THE GLITCHES
A1: ⚡ THE GLITCHES · 15 Case Files · The Parables Made Playable | M1: ESCALATION LEVEL
A2: # | B2: GLITCH NAME | C2: LOCATION | D2: DESCRIPTION | E2: LEAPERS REQUIRED | F2: NEIGHBORS INVOLVED | G2: STATUS | H2: RESOLUTION PATH | I2: PARABLE SOURCE | J2: AUTO TRIGGER | K2: REALITY STRAIN | L2: AUTO STATUS | M2: =IF(🧠 EVOLUTION!B4="FRACTURING","CASCADING",IF(H2="ACTIVE","ESCALATED","DORMANT"))
A3: 1 | B3: The Mandela Overture | C3: The Ski & Inn | D3: The dollar bills on the wall now bear signatures of people the Trickster insists have always been there. No one else remembers them. | E3: GRANDPA LOU + JONAH | F3: THE TRICKSTER | G3: OPEN | H3: Cross-reference Lou's Archive with the Trickster's memory. The discrepancy IS the data. | I3: Parable 1: The Familiar Stranger | J3: =IF(SUMPRODUCT(--ISNUMBER(SEARCH($C3,'🔀 THE MANDELA'!$A$4:$A$23)),--('🔀 THE MANDELA'!$D$4:$D$23<>"NONE"))>0,"YES","NO") | K3: =SUMPRODUCT(--ISNUMBER(SEARCH($C3,'🔀 THE MANDELA'!$A$4:$A$23)),(('🔀 THE MANDELA'!$D$4:$D$23="LOW")*1+('🔀 THE MANDELA'!$D$4:$D$23="MEDIUM")*2+('🔀 THE MANDELA'!$D$4:$D$23="HIGH")*3)) | L3: =IF($J3="YES",IF($K3>=2,"ACTIVE",$G3),$G3) | M3: =IF(🧠 EVOLUTION!B4="FRACTURING","CASCADING",IF(H3="ACTIVE","ESCALATED","DORMANT"))
A4: 2 | B4: The Street That Moved | C4: Phrenology Dr / Alchemy Way | D4: Phrenology Drive and Alchemy Way have swapped positions on the grid. The residents of each street insist they have always lived where they are. | E4: MILO + NAOMI | F4: DOLORES PERMANENTE | G4: OPEN | H4: Milo reads the error. Naomi receives the pre-echo. The street moved three weeks ago. The memory moved with it. | I4: Parable 2: The Relocated Landmark | J4: =IF(SUMPRODUCT(--ISNUMBER(SEARCH($C4,'🔀 THE MANDELA'!$A$4:$A$23)),--('🔀 THE MANDELA'!$D$4:$D$23<>"NONE"))>0,"YES","NO") | K4: =SUMPRODUCT(--ISNUMBER(SEARCH($C4,'🔀 THE MANDELA'!$A$4:$A$23)),(('🔀 THE MANDELA'!$D$4:$D$23="LOW")*1+('🔀 THE MANDELA'!$D$4:$D$23="MEDIUM")*2+('🔀 THE MANDELA'!$D$4:$D$23="HIGH")*3)) | L4: =IF($J4="YES",IF($K4>=2,"ACTIVE",$G4),$G4) | M4: =IF(🧠 EVOLUTION!B4="FRACTURING","CASCADING",IF(H4="ACTIVE","ESCALATED","DORMANT"))
A5: 3 | B5: The Transit Hub Arrival | C5: The Port Meridian Transit Hub | D5: A train arrived. There are no tracks. The PA announced it on time. Three Nomads claim to have boarded it. | E5: JONAH + ELLA | F5: THE COORDINATOR | G5: INVESTIGATING | H5: Ella's art may be able to rewrite the Hub's relationship to the concept of arrival. Jonah must be placed at the platform. | I5: Parable 3: The Impossible Schedule | J5: =IF(SUMPRODUCT(--ISNUMBER(SEARCH($C5,'🔀 THE MANDELA'!$A$4:$A$23)),--('🔀 THE MANDELA'!$D$4:$D$23<>"NONE"))>0,"YES","NO") | K5: =SUMPRODUCT(--ISNUMBER(SEARCH($C5,'🔀 THE MANDELA'!$A$4:$A$23)),(('🔀 THE MANDELA'!$D$4:$D$23="LOW")*1+('🔀 THE MANDELA'!$D$4:$D$23="MEDIUM")*2+('🔀 THE MANDELA'!$D$4:$D$23="HIGH")*3)) | L5: =IF($J5="YES",IF($K5>=2,"ACTIVE",$G5),$G5) | M5: =IF(🧠 EVOLUTION!B4="FRACTURING","CASCADING",IF(H5="ACTIVE","ESCALATED","DORMANT"))
A6: 4 | B6: The Tautological Loop | C6: The Institute for Tautological Studies | D6: Professor Maybe has published a paper proving the glitches do not exist. The paper itself is a glitch. It cites itself as its primary source. | E6: MILO | F6: PROFESSOR MAYBE | G6: OPEN | H6: Milo must document the self-referential error. The documentation will become part of the loop. This is the resolution. | I6: Parable 4: The Self-Proving Theorem | J6: =IF(SUMPRODUCT(--ISNUMBER(SEARCH($C6,'🔀 THE MANDELA'!$A$4:$A$23)),--('🔀 THE MANDELA'!$D$4:$D$23<>"NONE"))>0,"YES","NO") | K6: =SUMPRODUCT(--ISNUMBER(SEARCH($C6,'🔀 THE MANDELA'!$A$4:$A$23)),(('🔀 THE MANDELA'!$D$4:$D$23="LOW")*1+('🔀 THE MANDELA'!$D$4:$D$23="MEDIUM")*2+('🔀 THE MANDELA'!$D$4:$D$23="HIGH")*3)) | L6: =IF($J6="YES",IF($K6>=2,"ACTIVE",$G6),$G6) | M6: =IF(🧠 EVOLUTION!B4="FRACTURING","CASCADING",IF(H6="ACTIVE","ESCALATED","DORMANT"))
A7: 5 | B7: The Yacht Club Regatta | C7: The Port Meridian Yacht Club | D7: A regatta has been scheduled. There are no yachts. There is no water. The billiards table has been rearranged to suggest a starting line. | E7: NAOMI + GRANDPA LOU | F7: RAYMOND STAYS | G7: OPEN | H7: Naomi receives the pre-echo of a time when the Inadvertent Ocean was navigable. Lou confirms it from the archive. The regatta is a memory. | I7: Parable 5: The Phantom Event | J7: =IF(SUMPRODUCT(--ISNUMBER(SEARCH($C7,'🔀 THE MANDELA'!$A$4:$A$23)),--('🔀 THE MANDELA'!$D$4:$D$23<>"NONE"))>0,"YES","NO") | K7: =SUMPRODUCT(--ISNUMBER(SEARCH($C7,'🔀 THE MANDELA'!$A$4:$A$23)),(('🔀 THE MANDELA'!$D$4:$D$23="LOW")*1+('🔀 THE MANDELA'!$D$4:$D$23="MEDIUM")*2+('🔀 THE MANDELA'!$D$4:$D$23="HIGH")*3)) | L7: =IF($J7="YES",IF($K7>=2,"ACTIVE",$G7),$G7) | M7: =IF(🧠 EVOLUTION!B4="FRACTURING","CASCADING",IF(H7="ACTIVE","ESCALATED","DORMANT"))
A8: 6 | B8: The Hermitage Contradiction | C8: The Hermitage of Provisional Conclusions | D8: Two sticky notes on opposite walls now say the same thing. They did not say the same thing yesterday. The note reads: 'This has always been true.' | E8: ELLA + NAOMI | F8: SOLANGE ARRIVES | G8: OPEN | H8: Ella rewrites one note. Naomi receives the echo of the original. The contradiction resolves into a paradox, which is considered a successful outcome. | I8: Parable 6: The Agreeing Opposites | J8: =IF(SUMPRODUCT(--ISNUMBER(SEARCH($C8,'🔀 THE MANDELA'!$A$4:$A$23)),--('🔀 THE MANDELA'!$D$4:$D$23<>"NONE"))>0,"YES","NO") | K8: =SUMPRODUCT(--ISNUMBER(SEARCH($C8,'🔀 THE MANDELA'!$A$4:$A$23)),(('🔀 THE MANDELA'!$D$4:$D$23="LOW")*1+('🔀 THE MANDELA'!$D$4:$D$23="MEDIUM")*2+('🔀 THE MANDELA'!$D$4:$D$23="HIGH")*3)) | L8: =IF($J8="YES",IF($K8>=2,"ACTIVE",$G8),$G8) | M8: =IF(🧠 EVOLUTION!B4="FRACTURING","CASCADING",IF(H8="ACTIVE","ESCALATED","DORMANT"))
A9: 7 | B9: The Forecast Correction | C9: The Optimistic Forecast Station | D9: The display now reads: 'Conditions: Unstable. Outlook: Uncertain. Confidence Level: Updating.' It has never read anything other than Stable/Improving/High. | E9: MILO + JONAH | F9: CONSUELO AQUÍ | G9: INVESTIGATING | H9: Milo reads the error code in the display's new state. Jonah was placed at the station before it changed. He saw it happen. | I9: Parable 7: The Honest Machine | J9: =IF(SUMPRODUCT(--ISNUMBER(SEARCH($C9,'🔀 THE MANDELA'!$A$4:$A$23)),--('🔀 THE MANDELA'!$D$4:$D$23<>"NONE"))>0,"YES","NO") | K9: =SUMPRODUCT(--ISNUMBER(SEARCH($C9,'🔀 THE MANDELA'!$A$4:$A$23)),(('🔀 THE MANDELA'!$D$4:$D$23="LOW")*1+('🔀 THE MANDELA'!$D$4:$D$23="MEDIUM")*2+('🔀 THE MANDELA'!$D$4:$D$23="HIGH")*3)) | L9: =IF($J9="YES",IF($K9>=2,"ACTIVE",$G9),$G9) | M9: =IF(🧠 EVOLUTION!B4="FRACTURING","CASCADING",IF(H9="ACTIVE","ESCALATED","DORMANT"))
A10: 8 | B10: The Corkboard Revision | C10: The Corkboard Hub | D10: Three case files on the corkboard have been revised. The handwriting matches all five Leapers simultaneously. None of them remember revising them. | E10: ALL FIVE LEAPERS | F10: NONE | G10: OPEN | H10: The corkboard is revising itself. The resolution requires all five Leapers to be present and to agree on what the files originally said. | I10: Parable 8: The Collective Memory | J10: =IF(SUMPRODUCT(--ISNUMBER(SEARCH($C10,'🔀 THE MANDELA'!$A$4:$A$23)),--('🔀 THE MANDELA'!$D$4:$D$23<>"NONE"))>0,"YES","NO") | K10: =SUMPRODUCT(--ISNUMBER(SEARCH($C10,'🔀 THE MANDELA'!$A$4:$A$23)),(('🔀 THE MANDELA'!$D$4:$D$23="LOW")*1+('🔀 THE MANDELA'!$D$4:$D$23="MEDIUM")*2+('🔀 THE MANDELA'!$D$4:$D$23="HIGH")*3)) | L10: =IF($J10="YES",IF($K10>=2,"ACTIVE",$G10),$G10) | M10: =IF(🧠 EVOLUTION!B4="FRACTURING","CASCADING",IF(H10="ACTIVE","ESCALATED","DORMANT"))
A11: 9 | B11: The Nomad Newsletter | C11: The Nomad Relay Station | D11: Newsletter #4 has published an edition that accurately describes events that have not yet happened. The printer denies printing it. | E11: NAOMI + MILO | F11: NEWSLETTER #4 COLLECTIVE | G11: OPEN | H11: Naomi receives the pre-echo of the events described. Milo identifies the error: the newsletter is printing from a future cache. | I11: Parable 9: The Prophetic Error | J11: =IF(SUMPRODUCT(--ISNUMBER(SEARCH($C11,'🔀 THE MANDELA'!$A$4:$A$23)),--('🔀 THE MANDELA'!$D$4:$D$23<>"NONE"))>0,"YES","NO") | K11: =SUMPRODUCT(--ISNUMBER(SEARCH($C11,'🔀 THE MANDELA'!$A$4:$A$23)),(('🔀 THE MANDELA'!$D$4:$D$23="LOW")*1+('🔀 THE MANDELA'!$D$4:$D$23="MEDIUM")*2+('🔀 THE MANDELA'!$D$4:$D$23="HIGH")*3)) | L11: =IF($J11="YES",IF($K11>=2,"ACTIVE",$G11),$G11) | M11: =IF(🧠 EVOLUTION!B4="FRACTURING","CASCADING",IF(H11="ACTIVE","ESCALATED","DORMANT"))
A12: 10 | B12: The Submerged File | C12: The Submerged Archive | D12: A file from the archive has surfaced — literally, floating on the Inadvertent Ocean. It contains a document that predates the archive's founding. | E12: GRANDPA LOU + ELLA | F12: DOLORES PERMANENTE | G12: OPEN | H12: Lou must read the file. Ella must rewrite its relationship to time. The file is from the Deep Memory Layer, surfacing. | I12: Parable 10: The Ancestor's Message | J12: =IF(SUMPRODUCT(--ISNUMBER(SEARCH($C12,'🔀 THE MANDELA'!$A$4:$A$23)),--('🔀 THE MANDELA'!$D$4:$D$23<>"NONE"))>0,"YES","NO") | K12: =SUMPRODUCT(--ISNUMBER(SEARCH($C12,'🔀 THE MANDELA'!$A$4:$A$23)),(('🔀 THE MANDELA'!$D$4:$D$23="LOW")*1+('🔀 THE MANDELA'!$D$4:$D$23="MEDIUM")*2+('🔀 THE MANDELA'!$D$4:$D$23="HIGH")*3)) | L12: =IF($J12="YES",IF($K12>=2,"ACTIVE",$G12),$G12) | M12: =IF(🧠 EVOLUTION!B4="FRACTURING","CASCADING",IF(H12="ACTIVE","ESCALATED","DORMANT"))
A13: 11 | B13: The Swing's Direction | C13: The Swing | D13: The swing is now moving in a direction that does not correspond to any known wind pattern. It is moving toward a point in the Inadvertent Ocean that is not visible. | E13: JONAH + ELLA | F13: ZENO OF THE ENCAMPMENT | G13: OPEN | H13: Jonah was placed at the swing before it changed direction. Ella's art can follow the direction. The point it moves toward is Parable 15's site. | I13: Parable 11: The Compass Without North | J13: =IF(SUMPRODUCT(--ISNUMBER(SEARCH($C13,'🔀 THE MANDELA'!$A$4:$A$23)),--('🔀 THE MANDELA'!$D$4:$D$23<>"NONE"))>0,"YES","NO") | K13: =SUMPRODUCT(--ISNUMBER(SEARCH($C13,'🔀 THE MANDELA'!$A$4:$A$23)),(('🔀 THE MANDELA'!$D$4:$D$23="LOW")*1+('🔀 THE MANDELA'!$D$4:$D$23="MEDIUM")*2+('🔀 THE MANDELA'!$D$4:$D$23="HIGH")*3)) | L13: =IF($J13="YES",IF($K13>=2,"ACTIVE",$G13),$G13) | M13: =IF(🧠 EVOLUTION!B4="FRACTURING","CASCADING",IF(H13="ACTIVE","ESCALATED","DORMANT"))
A14: 12 | B14: The Office Opens | C14: The Office of Bureaucratic Tautology Office | D14: The Office of Bureaucratic Tautology Office is open. The sign still says it is closed. Inside, there is a single form. The form asks: 'What do you remember?' | E14: ALL FIVE LEAPERS | F14: RAYMOND STAYS | G14: INVESTIGATING | H14: Each Leaper must complete the form using their specific perceptual ability. The form changes based on who is holding it. | I14: Parable 12: The Open Question | J14: =IF(SUMPRODUCT(--ISNUMBER(SEARCH($C14,'🔀 THE MANDELA'!$A$4:$A$23)),--('🔀 THE MANDELA'!$D$4:$D$23<>"NONE"))>0,"YES","NO") | K14: =SUMPRODUCT(--ISNUMBER(SEARCH($C14,'🔀 THE MANDELA'!$A$4:$A$23)),(('🔀 THE MANDELA'!$D$4:$D$23="LOW")*1+('🔀 THE MANDELA'!$D$4:$D$23="MEDIUM")*2+('🔀 THE MANDELA'!$D$4:$D$23="HIGH")*3)) | L14: =IF($J14="YES",IF($K14>=2,"ACTIVE",$G14),$G14) | M14: =IF(🧠 EVOLUTION!B4="FRACTURING","CASCADING",IF(H14="ACTIVE","ESCALATED","DORMANT"))
A15: 13 | B15: The Deep Memory Breach | C15: The Deep Memory Layer | D15: The Cahuilla ancestral stratum is bleeding into the present. Residents are using words from a language they do not speak. They do not notice. | E15: GRANDPA LOU | F15: CONSUELO AQUÍ | G15: OPEN | H15: Lou must enter the Deep Memory Layer and locate the breach. Only his ANCESTRAL focus mode can navigate this zone. | I15: Parable 13: The Language of Before | J15: =IF(SUMPRODUCT(--ISNUMBER(SEARCH($C15,'🔀 THE MANDELA'!$A$4:$A$23)),--('🔀 THE MANDELA'!$D$4:$D$23<>"NONE"))>0,"YES","NO") | K15: =SUMPRODUCT(--ISNUMBER(SEARCH($C15,'🔀 THE MANDELA'!$A$4:$A$23)),(('🔀 THE MANDELA'!$D$4:$D$23="LOW")*1+('🔀 THE MANDELA'!$D$4:$D$23="MEDIUM")*2+('🔀 THE MANDELA'!$D$4:$D$23="HIGH")*3)) | L15: =IF($J15="YES",IF($K15>=2,"ACTIVE",$G15),$G15) | M15: =IF(🧠 EVOLUTION!B4="FRACTURING","CASCADING",IF(H15="ACTIVE","ESCALATED","DORMANT"))
A16: 14 | B16: The Grasshopper's Silence | C16: All of Port Meridian | D16: The chirp has stopped. The entire town has gone quiet in a way that is louder than sound. Every glitch has paused. Something is about to resolve. | E16: ALL FIVE LEAPERS | F16: THE TRICKSTER | G16: INVESTIGATING | H16: The Trickster knows what the silence means. They will not say directly. The Leapers must be at their respective nodes when the chirp returns. | I16: Parable 14: The Held Breath | J16: =IF(SUMPRODUCT(--ISNUMBER(SEARCH($C16,'🔀 THE MANDELA'!$A$4:$A$23)),--('🔀 THE MANDELA'!$D$4:$D$23<>"NONE"))>0,"YES","NO") | K16: =SUMPRODUCT(--ISNUMBER(SEARCH($C16,'🔀 THE MANDELA'!$A$4:$A$23)),(('🔀 THE MANDELA'!$D$4:$D$23="LOW")*1+('🔀 THE MANDELA'!$D$4:$D$23="MEDIUM")*2+('🔀 THE MANDELA'!$D$4:$D$23="HIGH")*3)) | L16: =IF($J16="YES",IF($K16>=2,"ACTIVE",$G16),$G16) | M16: =IF(🧠 EVOLUTION!B4="FRACTURING","CASCADING",IF(H16="ACTIVE","ESCALATED","DORMANT"))
A17: 15 | B17: The Convergence | C17: The Parable 15 Site | D17: All 14 preceding glitches have converged at a single point on the grid. The Grasshopper is audible. The Inadvertent Ocean is still. Something is being offered. | E17: ALL FIVE LEAPERS | F17: ALL NEIGHBORS | G17: OPEN | H17: The final case. All Leapers present. All neighbors in their positions. The Grasshopper's challenge: face the Fear of Boredom and choose to leap. The resolution is the player's choice. | I17: Parable 15: The Great Leap | J17: =IF(SUMPRODUCT(--ISNUMBER(SEARCH($C17,'🔀 THE MANDELA'!$A$4:$A$23)),--('🔀 THE MANDELA'!$D$4:$D$23<>"NONE"))>0,"YES","NO") | K17: =SUMPRODUCT(--ISNUMBER(SEARCH($C17,'🔀 THE MANDELA'!$A$4:$A$23)),(('🔀 THE MANDELA'!$D$4:$D$23="LOW")*1+('🔀 THE MANDELA'!$D$4:$D$23="MEDIUM")*2+('🔀 THE MANDELA'!$D$4:$D$23="HIGH")*3)) | L17: =IF($J17="YES",IF($K17>=2,"ACTIVE",$G17),$G17) | M17: =IF(🧠 EVOLUTION!B4="FRACTURING","CASCADING",IF(H17="ACTIVE","ESCALATED","DORMANT"))

Sheet 📚 THE LORE
A1: 📚 THE LORE · The World Bible of Port Meridian · Every Name. Every Motto. Every Truth.
A2: CATEGORY | B2: ENTRY | C2: CANONICAL DESCRIPTION
A3: WORLD | B3: Town Name | C3: Port Meridian — A port with no ships. A meridian of no global significance.
A4: WORLD | B4: Original Name | C4: Bombay Beach, CA — The real place from which Port Meridian takes its oblique inspiration.
A5: WORLD | B5: Elevation | C5: 227 feet below sea level. There is a lot of below-ness in Port Meridian.
A6: WORLD | B6: The Inadvertent Ocean | C6: The Salton Sea, renamed. Created by a 1905 engineering accident. A geological mistake that gave birth to a resort, then a ruin, then an art colony.
A7: WORLD | B7: The Berm | C7: The earthen wall separating the town from the Inadvertent Ocean. The Threshold between the known and the Void.
A8: WORLD | B8: Highway 111 | C8: The only road in or out. In Port Meridian, it is simply called 'The Only Road.'
A9: WORLD | B9: The Void | C9: Where deleted realities go. Corresponds to the deepest part of the Inadvertent Ocean.
A10: WORLD | B10: The Deep Memory Layer | C10: The Cahuilla ancestral stratum beneath Port Meridian. The oldest timeline. Accessible only through Grandpa Lou.
A11: GRID — AVENUES | B11: Phrenology Drive | C11: Named for the pseudoscience of reading character from skull shape. The most residential avenue.
A12: GRID — AVENUES | B12: Alchemy Way | C12: Named for the proto-science of turning base metals to gold. The commercial strip, such as it is.
A13: GRID — AVENUES | B13: Aetheric Physics Lane | C13: Named for the disproven theory of a luminiferous aether. Where the artists live.
... A42: PHILOSOPHY | B42: The Persistent Mandela Effect | C42: The game misremembers itself between sessions. Street names change. Shirt colors shift. The title screen is different. This is not an error. This is the game practicing what it preaches.

Sheet 🔀 THE MANDELA
A1: 🔀 THE MANDELA EFFECT ENGINE · Change a value. Change the world. This is not a bug. | F1: STRAIN WEIGHT
A2: ⚠️ WARNING: Values in the CURRENT REALITY column are live. Changing them will alter how the world describes itself. The ORIGINAL REALITY column is read-only memory. The DISCREPANCY column is the game. | F2: =IF(E2="HIGH",3,IF(E2="MEDIUM",2,IF(E2="LOW",1,0)))
A3: ELEMENT | B3: ORIGINAL REALITY | C3: CURRENT REALITY | D3: DISCREPANCY LEVEL | F3: =IF(E3="HIGH",3,IF(E3="MEDIUM",2,IF(E3="LOW",1,0)))
A4: Town motto (1929 prospectus) | B4: Port Meridian shall be the gateway to the Pacific and the crossroads of the world. | C4: Port Meridian shall be the gateway to the Pacific and the crossroads of the world. | D4: =IF(B4=C4,"NONE",IF(AND(ISNUMBER(IFERROR(VALUE(B4),NA())),ISNUMBER(IFERROR(VALUE(C4),NA()))),IF(ABS(VALUE(C4)-VALUE(B4))/MAX(ABS(VALUE(B4)),1)>=0.2,"HIGH","MEDIUM"),"LOW")) | F4: =IF(E4="HIGH",3,IF(E4="MEDIUM",2,IF(E4="LOW",1,0)))
A5: The Ski & Inn sign color | B5: Red | C5: Red | D5: =IF(B5=C5,"NONE",IF(AND(ISNUMBER(IFERROR(VALUE(B5),NA())),ISNUMBER(IFERROR(VALUE(C5),NA()))),IF(ABS(VALUE(C5)-VALUE(B5))/MAX(ABS(VALUE(B5)),1)>=0.2,"HIGH","MEDIUM"),"LOW")) | F5: =IF(E5="HIGH",3,IF(E5="MEDIUM",2,IF(E5="LOW",1,0)))
A6: Grandpa Lou's jacket color | B6: Brown | C6: Brown | D6: =IF(B6=C6,"NONE",IF(AND(ISNUMBER(IFERROR(VALUE(B6),NA())),ISNUMBER(IFERROR(VALUE(C6),NA()))),IF(ABS(VALUE(C6)-VALUE(B6))/MAX(ABS(VALUE(B6)),1)>=0.2,"HIGH","MEDIUM"),"LOW")) | F6: =IF(E6="HIGH",3,IF(E6="MEDIUM",2,IF(E6="LOW",1,0)))
A7: The Trickster's name | B7: [REDACTED] | C7: [REDACTED] | D7: =IF(B7=C7,"NONE",IF(AND(ISNUMBER(IFERROR(VALUE(B7),NA())),ISNUMBER(IFERROR(VALUE(C7),NA()))),IF(ABS(VALUE(C7)-VALUE(B7))/MAX(ABS(VALUE(B7)),1)>=0.2,"HIGH","MEDIUM"),"LOW")) | F7: =IF(E7="HIGH",3,IF(E7="MEDIUM",2,IF(E7="LOW",1,0)))
A8: Population of Port Meridian (official) | B8: 295 | C8: 295 | D8: =IF(B8=C8,"NONE",IF(AND(ISNUMBER(IFERROR(VALUE(B8),NA())),ISNUMBER(IFERROR(VALUE(C8),NA()))),IF(ABS(VALUE(C8)-VALUE(B8))/MAX(ABS(VALUE(B8)),1)>=0.2,"HIGH","MEDIUM"),"LOW")) | F8: =IF(E8="HIGH",3,IF(E8="MEDIUM",2,IF(E8="LOW",1,0)))
A9: Population of Port Meridian (felt) | B9: Disputed | C9: Disputed | D9: =IF(B9=C9,"NONE",IF(AND(ISNUMBER(IFERROR(VALUE(B9),NA())),ISNUMBER(IFERROR(VALUE(C9),NA()))),IF(ABS(VALUE(C9)-VALUE(B9))/MAX(ABS(VALUE(B9)),1)>=0.2,"HIGH","MEDIUM"),"LOW")) | F9: =IF(E9="HIGH",3,IF(E9="MEDIUM",2,IF(E9="LOW",1,0)))
A10: The street formerly known as Phrenology Drive | B10: Phrenology Drive | C10: Phrenology Drive | D10: =IF(B10=C10,"NONE",IF(AND(ISNUMBER(IFERROR(VALUE(B10),NA())),ISNUMBER(IFERROR(VALUE(C10),NA()))),IF(ABS(VALUE(C10)-VALUE(B10))/MAX(ABS(VALUE(B10)),1)>=0.2,"HIGH","MEDIUM"),"LOW")) | F10: =IF(E10="HIGH",3,IF(E10="MEDIUM",2,IF(E10="LOW",1,0)))
A11: The street formerly known as Alchemy Way | B11: Alchemy Way | C11: Alchemy Way | D11: =IF(B11=C11,"NONE",IF(AND(ISNUMBER(IFERROR(VALUE(B11),NA())),ISNUMBER(IFERROR(VALUE(C11),NA()))),IF(ABS(VALUE(C11)-VALUE(B11))/MAX(ABS(VALUE(B11)),1)>=0.2,"HIGH","MEDIUM"),"LOW")) | F11: =IF(E11="HIGH",3,IF(E11="MEDIUM",2,IF(E11="LOW",1,0)))
A12: The Optimistic Forecast Station reading | B12: Conditions: Stable. Outlook: Improving. Confidence Level: High. | C12: Conditions: Stable. Outlook: Improving. Confidence Level: High. | D12: =IF(B12=C12,"NONE",IF(AND(ISNUMBER(IFERROR(VALUE(B12),NA())),ISNUMBER(IFERROR(VALUE(C12),NA()))),IF(ABS(VALUE(C12)-VALUE(B12))/MAX(ABS(VALUE(B12)),1)>=0.2,"HIGH","MEDIUM"),"LOW")) | F12: =IF(E12="HIGH",3,IF(E12="MEDIUM",2,IF(E12="LOW",1,0)))
A13: The Institute's motto | B13: It Is What It Is. | C13: It Is What It Is. | D13: =IF(B13=C13,"NONE",IF(AND(ISNUMBER(IFERROR(VALUE(B13),NA())),ISNUMBER(IFERROR(VALUE(C13),NA()))),IF(ABS(VALUE(C13)-VALUE(B13))/MAX(ABS(VALUE(B13)),1)>=0.2,"HIGH","MEDIUM"),"LOW")) | F13: =IF(E13="HIGH",3,IF(E13="MEDIUM",2,IF(E13="LOW",1,0)))
A14: The color of the Inadvertent Ocean | B14: The color of old mirrors | C14: The color of old mirrors | D14: =IF(B14=C14,"NONE",IF(AND(ISNUMBER(IFERROR(VALUE(B14),NA())),ISNUMBER(IFERROR(VALUE(C14),NA()))),IF(ABS(VALUE(C14)-VALUE(B14))/MAX(ABS(VALUE(B14)),1)>=0.2,"HIGH","MEDIUM"),"LOW")) | F14: =IF(E14="HIGH",3,IF(E14="MEDIUM",2,IF(E14="LOW",1,0)))
A15: The Swing's direction | B15: Toward the Void | C15: Toward the Void | D15: =IF(B15=C15,"NONE",IF(AND(ISNUMBER(IFERROR(VALUE(B15),NA())),ISNUMBER(IFERROR(VALUE(C15),NA()))),IF(ABS(VALUE(C15)-VALUE(B15))/MAX(ABS(VALUE(B15)),1)>=0.2,"HIGH","MEDIUM"),"LOW")) | F15: =IF(E15="HIGH",3,IF(E15="MEDIUM",2,IF(E15="LOW",1,0)))
... A19: Jonah's last known location before placement | B19: Home | C19: Home | D19: =IF(B19=C19,"NONE",IF(AND(ISNUMBER(IFERROR(VALUE(B19),NA())),ISNUMBER(IFERROR(VALUE(C19),NA()))),IF(ABS(VALUE(C19)-VALUE(B19))/MAX(ABS(VALUE(B19)),1)>=0.2,"HIGH","MEDIUM"),"LOW")) | F19: =IF(E19="HIGH",3,IF(E19="MEDIUM",2,IF(E19="LOW",1,0)))
A20: The Corkboard Hub — number of active case files | B20: =COUNTIF('⚡ THE GLITCHES'!G:G,"OPEN") | C20: =COUNTIF('⚡ THE GLITCHES'!G:G,"OPEN") | D20: =IF(B20=C20,"NONE",IF(AND(ISNUMBER(IFERROR(VALUE(B20),NA())),ISNUMBER(IFERROR(VALUE(C20),NA()))),IF(ABS(VALUE(C20)-VALUE(B20))/MAX(ABS(VALUE(B20)),1)>=0.2,"HIGH","MEDIUM"),"LOW")) | F20: =IF(E20="HIGH",3,IF(E20="MEDIUM",2,IF(E20="LOW",1,0)))
A21: The Grasshopper's last audible chirp | B21: Before Glitch #14 | C21: Before Glitch #14 | D21: =IF(B21=C21,"NONE",IF(AND(ISNUMBER(IFERROR(VALUE(B21),NA())),ISNUMBER(IFERROR(VALUE(C21),NA()))),IF(ABS(VALUE(C21)-VALUE(B21))/MAX(ABS(VALUE(B21)),1)>=0.2,"HIGH","MEDIUM"),"LOW")) | F21: =IF(E21="HIGH",3,IF(E21="MEDIUM",2,IF(E21="LOW",1,0)))
A22: The Transit Hub — last announced arrival | B22: The 4:17 to Everywhere (On Time) | C22: The 4:17 to Everywhere (On Time) | D22: =IF(B22=C22,"NONE",IF(AND(ISNUMBER(IFERROR(VALUE(B22),NA())),ISNUMBER(IFERROR(VALUE(C22),NA()))),IF(ABS(VALUE(C22)-VALUE(B22))/MAX(ABS(VALUE(B22)),1)>=0.2,"HIGH","MEDIUM"),"LOW")) | F22: =IF(E22="HIGH",3,IF(E22="MEDIUM",2,IF(E22="LOW",1,0)))
A23: The Office of Bureaucratic Tautology Office — current state | B23: Closed | C23: Closed | D23: =IF(B23=C23,"NONE",IF(AND(ISNUMBER(IFERROR(VALUE(B23),NA())),ISNUMBER(IFERROR(VALUE(C23),NA()))),IF(ABS(VALUE(C23)-VALUE(B23))/MAX(ABS(VALUE(B23)),1)>=0.2,"HIGH","MEDIUM"),"LOW")) | F23: =IF(E23="HIGH",3,IF(E23="MEDIUM",2,IF(E23="LOW",1,0)))
F24: =IF(E24="HIGH",3,IF(E24="MEDIUM",2,IF(E24="LOW",1,0)))
A25: 🦗 HOW TO PLAY THIS TAB: Edit any value in the CURRENT REALITY column. Then return to THE MAP, THE LEAPERS, or THE GLITCHES and notice what has changed. The DISCREPANCY LEVEL will update when you change the formula in column D to reflect the magnitude of the shift. NONE → LOW → MEDIUM → HIGH → EXTREME. The world is watching. | F25: =IF(E25="HIGH",3,IF(E25="MEDIUM",2,IF(E25="LOW",1,0)))

Sheet 🎛️ CONTROL PANEL
A1: WORLD STATE CONTROL SYSTEM
A3: Strain Escalation Threshold | B3: 2
A4: Fracture Threshold | B4: 9
A6: Decay Toggle (ON=1 / OFF=0) | B6: 0
A8: Live World State: | B8: =🧠 EVOLUTION!B4
A10: Decay Rate per Cycle | B10: 1

Sheet 🌌 EMERGENT EVENTS
A1: Auto-Generated Narrative Events
A3: Event Trigger | B3: =IF(🧠 EVOLUTION!B4="FRACTURING","Reality Fork Event Triggered","Dormant")
A5: Suggested Event | B5: =IF(B3="Reality Fork Event Triggered","A new paradox appears at the highest strain node.","No anomaly detected.")

Sheet 🌀 DRIFT ENGINE
A1: Probabilistic Mandela Drift
A3: Current World State | B3: =🧠 EVOLUTION!B4
A4: Random Drift Seed | B4: =RAND()
A5: Drift Trigger | B5: =IF(AND(B3="FRACTURING",B4>0.6),"DRIFT ACTIVATED","STABLE FIELD")
A7: Suggested Drift Action | B7: =IF(B5="DRIFT ACTIVATED","Random Mandela Element experiences spontaneous reinterpretation.","No spontaneous drift detected.")

Sheet 🤝 SYNERGY MATRIX
A1: Leaper Synergy Amplification Grid
B2: CHARACTER | C2: GRANDPA LOU | D2: JONAH | E2: NAOMI | F2: MILO | G2: ELLA | I2: ⚙️ FOCUS MODE is the active perceptual lens. Change a Leaper's FOCUS MODE to unlock hidden notes on THE MAP. Options: CURRENT · PAST · ANCESTRAL · SEAM · ECHO · ERROR · LOVE
A3: CHARACTER | B3: 1 | C3: =ROUND(RAND()*2,2) | D3: =ROUND(RAND()*2,2) | E3: =ROUND(RAND()*2,2) | F3: =ROUND(RAND()*2,2) | G3: =ROUND(RAND()*2,2) | H3: =ROUND(RAND()*2,2) | I3: =ROUND(RAND()*2,2)
A4: GRANDPA LOU | B4: =ROUND(RAND()*2,2) | C4: 1 | D4: =ROUND(RAND()*2,2) | E4: =ROUND(RAND()*2,2) | F4: =ROUND(RAND()*2,2) | G4: =ROUND(RAND()*2,2) | H4: =ROUND(RAND()*2,2) | I4: =ROUND(RAND()*2,2)
A5: JONAH | B5: =ROUND(RAND()*2,2) | C5: =ROUND(RAND()*2,2) | D5: 1 | E5: =ROUND(RAND()*2,2) | F5: =ROUND(RAND()*2,2) | G5: =ROUND(RAND()*2,2) | H5: =ROUND(RAND()*2,2) | I5: =ROUND(RAND()*2,2)
A6: NAOMI | B6: =ROUND(RAND()*2,2) | C6: =ROUND(RAND()*2,2) | D6: =ROUND(RAND()*2,2) | E6: 1 | F6: =ROUND(RAND()*2,2) | G6: =ROUND(RAND()*2,2) | H6: =ROUND(RAND()*2,2) | I6: =ROUND(RAND()*2,2)
A7: MILO | B7: =ROUND(RAND()*2,2) | C7: =ROUND(RAND()*2,2) | D7: =ROUND(RAND()*2,2) | E7: =ROUND(RAND()*2,2) | F7: 1 | G7: =ROUND(RAND()*2,2) | H7: =ROUND(RAND()*2,2) | I7: =ROUND(RAND()*2,2)
A8: ELLA | B8: =ROUND(RAND()*2,2) | C8: =ROUND(RAND()*2,2) | D8: =ROUND(RAND()*2,2) | E8: =ROUND(RAND()*2,2) | F8: =ROUND(RAND()*2,2) | G8: 1 | H8: =ROUND(RAND()*2,2) | I8: =ROUND(RAND()*2,2)
B9: =ROUND(RAND()*2,2) | C9: =ROUND(RAND()*2,2) | D9: =ROUND(RAND()*2,2) | E9: =ROUND(RAND()*2,2) | F9: =ROUND(RAND()*2,2) | G9: =ROUND(RAND()*2,2) | H9: 1 | I9: =ROUND(RAND()*2,2)
A10: ⚙️ FOCUS MODE is the active perceptual lens. Change a Leaper's FOCUS MODE to unlock hidden notes on THE MAP. Options: CURRENT · PAST · ANCESTRAL · SEAM · ECHO · ERROR · LOVE | B10: =ROUND(RAND()*2,2) | C10: =ROUND(RAND()*2,2) | D10: =ROUND(RAND()*2,2) | E10: =ROUND(RAND()*2,2) | F10: =ROUND(RAND()*2,2) | G10: =ROUND(RAND()*2,2) | H10: =ROUND(RAND()*2,2) | I10: 1

Sheet 📜 WORLD MEMORY LOG
A1: Timestamp | B1: World State Snapshot | C1: Strain Index Snapshot
A2: 2026-03-03 13:08:41 | B2: =🧠 EVOLUTION!B4 | C2: =🧠 EVOLUTION!B2

Sheet 🧭 EXPERIENCE DASHBOARD
A1: Grasshopper Human Experience Monitor
A3: World Stability | B3: =🧠 EVOLUTION!B4
A4: Highest Strain Node | B4: =🗺️ THE MAP!B21
A5: Leaper Most Fatigued | B5: =INDEX('🧬 THE LEAPERS'!A2:A20, MATCH(MAX('🧬 THE LEAPERS'!I2:I20),'🧬 THE LEAPERS'!I2:I20,0))
A6: Drift Status | B6: =🌀 DRIFT ENGINE!B5
